{
    "objects": [
        {
            "geometryType": "obb",
            "obb": {
                "xc": 500.35345458984375,
                "yc": 580.958740234375,
                "w": 98.883544921875,
                "h": 20.07178497314453,
                "theta": 118.25802803039551
            },
            "height": 774,
            "width": 630
        },
        {
            "geometryType": "obb",
            "obb": {
                "xc": 567.0043334960938,
                "yc": 567.1820678710938,
                "w": 71.89132690429688,
                "h": 17.30830192565918,
                "theta": 55.581634521484375
            },
            "height": 774,
            "width": 630
        },
        {
            "geometryType": "obb",
            "obb": {
                "xc": 535.3400268554688,
                "yc": 646.7456665039062,
                "w": 71.01253509521484,
                "h": 24.544105529785156,
                "theta": 177.1844482421875
            },
            "height": 774,
            "width": 630
        }
    ]
}