{
    "objects": [
        {
            "geometryType": "obb",
            "obb": {
                "xc": 296.50921630859375,
                "yc": 136.74737548828125,
                "w": 332.0167236328125,
                "h": 116.51944732666016,
                "theta": 175.27201080322266
            },
            "height": 488,
            "width": 650
        }
    ]
}