{
    "objects": [
        {
            "geometryType": "obb",
            "obb": {
                "xc": 120.44000244140625,
                "yc": 261.9200134277344,
                "w": 123.20000457763672,
                "h": 77.5999984741211,
                "theta": 143.13010025024414
            },
            "height": 880,
            "width": 682
        },
        {
            "geometryType": "obb",
            "obb": {
                "xc": 279.0168151855469,
                "yc": 192.5283203125,
                "w": 217.1060333251953,
                "h": 76.95438385009766,
                "theta": 164.59982299804688
            },
            "height": 880,
            "width": 682
        },
        {
            "geometryType": "obb",
            "obb": {
                "xc": 479.1038818359375,
                "yc": 189.35940551757812,
                "w": 202.4029541015625,
                "h": 81.06731414794922,
                "theta": 18.034284591674805
            },
            "height": 880,
            "width": 682
        }
    ]
}