{
    "objects": [
        {
            "geometryType": "obb",
            "obb": {
                "xc": 205.70944213867188,
                "yc": 242.5487060546875,
                "w": 211.7549285888672,
                "h": 110.9964599609375,
                "theta": 177.83892822265625
            },
            "height": 545,
            "width": 625
        },
        {
            "geometryType": "obb",
            "obb": {
                "xc": 413.1499938964844,
                "yc": 242.9500274658203,
                "w": 189.42044067382812,
                "h": 54.39118194580078,
                "theta": 161.56504821777344
            },
            "height": 545,
            "width": 625
        },
        {
            "geometryType": "obb",
            "obb": {
                "xc": 296.9418029785156,
                "yc": 321.1330261230469,
                "w": 221.38650512695312,
                "h": 105.15858459472656,
                "theta": 0.8069294095039368
            },
            "height": 545,
            "width": 625
        },
        {
            "geometryType": "obb",
            "obb": {
                "xc": 275.6750793457031,
                "yc": 487.1326904296875,
                "w": 168.15237426757812,
                "h": 49.62377166748047,
                "theta": 0.902221143245697
            },
            "height": 545,
            "width": 625
        }
    ]
}