{
    "objects": [
        {
            "geometryType": "obb",
            "obb": {
                "xc": 340.5521240234375,
                "yc": 250.4451446533203,
                "w": 276.89703369140625,
                "h": 102.17859649658203,
                "theta": 168.5506591796875
            },
            "height": 1080,
            "width": 608
        },
        {
            "geometryType": "obb",
            "obb": {
                "xc": 323.77398681640625,
                "yc": 398.27301025390625,
                "w": 452.01763916015625,
                "h": 156.49462890625,
                "theta": 0.4748159945011139
            },
            "height": 1080,
            "width": 608
        },
        {
            "geometryType": "obb",
            "obb": {
                "xc": 325.4228515625,
                "yc": 466.593994140625,
                "w": 264.9798889160156,
                "h": 57.76259994506836,
                "theta": 0.25129568576812744
            },
            "height": 1080,
            "width": 608
        },
        {
            "geometryType": "obb",
            "obb": {
                "xc": 315.5525207519531,
                "yc": 790.4500122070312,
                "w": 78.025634765625,
                "h": 34.91160202026367,
                "theta": 1.4688007831573486
            },
            "height": 1080,
            "width": 608
        }
    ]
}