{
    "objects": [
        {
            "geometryType": "obb",
            "obb": {
                "xc": 437.5,
                "yc": 384.0,
                "w": 135.0,
                "h": 18.0,
                "theta": 180.0
            },
            "height": 1080,
            "width": 810
        },
        {
            "geometryType": "obb",
            "obb": {
                "xc": 435.98968505859375,
                "yc": 367.2488098144531,
                "w": 414.0792541503906,
                "h": 40.49256134033203,
                "theta": 179.86026000976562
            },
            "height": 1080,
            "width": 810
        }
    ]
}