{
    "objects": [
        {
            "geometryType": "obb",
            "obb": {
                "xc": 635.1641845703125,
                "yc": 402.35687255859375,
                "w": 231.62379455566406,
                "h": 86.94386291503906,
                "theta": 175.6291961669922
            },
            "height": 987,
            "width": 1600
        },
        {
            "geometryType": "obb",
            "obb": {
                "xc": 895.4959716796875,
                "yc": 425.21112060546875,
                "w": 249.3212127685547,
                "h": 88.45552825927734,
                "theta": 13.954508781433105
            },
            "height": 987,
            "width": 1600
        },
        {
            "geometryType": "obb",
            "obb": {
                "xc": 776.8480224609375,
                "yc": 537.618408203125,
                "w": 376.1126708984375,
                "h": 78.20278930664062,
                "theta": 5.365631103515625
            },
            "height": 987,
            "width": 1600
        }
    ]
}