{
    "objects": [
        {
            "geometryType": "obb",
            "obb": {
                "xc": 402.89385986328125,
                "yc": 225.807861328125,
                "w": 337.0325927734375,
                "h": 157.54847717285156,
                "theta": 1.1457629203796387
            },
            "height": 983,
            "width": 644
        },
        {
            "geometryType": "obb",
            "obb": {
                "xc": 298.9530029296875,
                "yc": 436.587890625,
                "w": 117.56199645996094,
                "h": 47.241798400878906,
                "theta": 39.44702911376953
            },
            "height": 983,
            "width": 644
        },
        {
            "geometryType": "obb",
            "obb": {
                "xc": 460.65301513671875,
                "yc": 445.29351806640625,
                "w": 189.68936157226562,
                "h": 53.93288040161133,
                "theta": 152.47477340698242
            },
            "height": 983,
            "width": 644
        }
    ]
}