{
    "objects": [
        {
            "geometryType": "obb",
            "obb": {
                "xc": 142.29403686523438,
                "yc": 245.18264770507812,
                "w": 81.89594268798828,
                "h": 18.119922637939453,
                "theta": 14.743562698364258
            },
            "height": 320,
            "width": 320
        },
        {
            "geometryType": "obb",
            "obb": {
                "xc": 205.72613525390625,
                "yc": 251.07078552246094,
                "w": 42.1572151184082,
                "h": 17.972286224365234,
                "theta": 176.8201675415039
            },
            "height": 320,
            "width": 320
        },
        {
            "geometryType": "obb",
            "obb": {
                "xc": 209.109619140625,
                "yc": 199.9268341064453,
                "w": 101.00495147705078,
                "h": 78.85752868652344,
                "theta": 0.5672664046287537
            },
            "height": 320,
            "width": 320
        },
        {
            "geometryType": "obb",
            "obb": {
                "xc": 244.49996948242188,
                "yc": 236.99996948242188,
                "w": 33.18157196044922,
                "h": 15.4913969039917,
                "theta": 150.01836013793945
            },
            "height": 320,
            "width": 320
        }
    ]
}