{
    "objects": [
        {
            "geometryType": "obb",
            "obb": {
                "xc": 432.0,
                "yc": 157.5,
                "w": 64.0,
                "h": 35.0,
                "theta": 180.0
            },
            "height": 940,
            "width": 603
        },
        {
            "geometryType": "obb",
            "obb": {
                "xc": 356.5,
                "yc": 157.49998474121094,
                "w": 66.99998474121094,
                "h": 40.99999237060547,
                "theta": 180.0
            },
            "height": 940,
            "width": 603
        },
        {
            "geometryType": "obb",
            "obb": {
                "xc": 397.328857421875,
                "yc": 112.46235656738281,
                "w": 182.77696228027344,
                "h": 54.94099807739258,
                "theta": 1.5174140930175781
            },
            "height": 940,
            "width": 603
        }
    ]
}