{
    "objects": [
        {
            "geometryType": "obb",
            "obb": {
                "xc": 467.00006103515625,
                "yc": 322.0,
                "w": 136.34561157226562,
                "h": 91.85790252685547,
                "theta": 92.6224012374878
            },
            "height": 1012,
            "width": 633
        },
        {
            "geometryType": "obb",
            "obb": {
                "xc": 260.0323181152344,
                "yc": 557.6822509765625,
                "w": 415.40863037109375,
                "h": 152.86109924316406,
                "theta": 79.18923950195312
            },
            "height": 1012,
            "width": 633
        }
    ]
}