{
    "objects": [
        {
            "geometryType": "obb",
            "obb": {
                "xc": 477.2529296875,
                "yc": 465.39990234375,
                "w": 471.620361328125,
                "h": 127.95703125,
                "theta": 131.84835052490234
            },
            "height": 1536,
            "width": 2048
        },
        {
            "geometryType": "obb",
            "obb": {
                "xc": 956.0316162109375,
                "yc": 199.7998046875,
                "w": 617.1958618164062,
                "h": 164.59716796875,
                "theta": 173.67070770263672
            },
            "height": 1536,
            "width": 2048
        },
        {
            "geometryType": "obb",
            "obb": {
                "xc": 1552.667236328125,
                "yc": 465.23236083984375,
                "w": 716.087890625,
                "h": 163.68211364746094,
                "theta": 54.431243896484375
            },
            "height": 1536,
            "width": 2048
        }
    ]
}