{
    "objects": [
        {
            "geometryType": "obb",
            "obb": {
                "xc": 764.9701538085938,
                "yc": 477.495849609375,
                "w": 799.97802734375,
                "h": 206.98020935058594,
                "theta": 0.15569466352462769
            },
            "height": 1125,
            "width": 1500
        }
    ]
}