{
    "objects": [
        {
            "geometryType": "obb",
            "obb": {
                "xc": 171.45355224609375,
                "yc": 42.27179718017578,
                "w": 240.0520782470703,
                "h": 52.46778106689453,
                "theta": 178.80650329589844
            },
            "height": 320,
            "width": 320
        },
        {
            "geometryType": "obb",
            "obb": {
                "xc": 164.5288848876953,
                "yc": 130.6308135986328,
                "w": 135.19773864746094,
                "h": 33.730403900146484,
                "theta": 0.4275725483894348
            },
            "height": 320,
            "width": 320
        },
        {
            "geometryType": "obb",
            "obb": {
                "xc": 150.02743530273438,
                "yc": 201.0486297607422,
                "w": 21.72286605834961,
                "h": 7.1910176277160645,
                "theta": 177.1375961303711
            },
            "height": 320,
            "width": 320
        },
        {
            "geometryType": "obb",
            "obb": {
                "xc": 151.0142364501953,
                "yc": 211.75990295410156,
                "w": 61.930850982666016,
                "h": 20.47698211669922,
                "theta": 1.1017061471939087
            },
            "height": 320,
            "width": 320
        }
    ]
}