{
    "objects": [
        {
            "geometryType": "obb",
            "obb": {
                "xc": 332.5797424316406,
                "yc": 364.1539001464844,
                "w": 289.3720397949219,
                "h": 113.52655029296875,
                "theta": 1.4995471239089966
            },
            "height": 882,
            "width": 650
        },
        {
            "geometryType": "obb",
            "obb": {
                "xc": 333.930419921875,
                "yc": 500.74005126953125,
                "w": 324.0487365722656,
                "h": 72.41850280761719,
                "theta": 1.7788004875183105
            },
            "height": 882,
            "width": 650
        }
    ]
}