{
    "objects": [
        {
            "geometryType": "obb",
            "obb": {
                "xc": 302.43408203125,
                "yc": 287.76055908203125,
                "w": 357.51953125,
                "h": 72.59555053710938,
                "theta": 19.914207458496094
            },
            "height": 1280,
            "width": 960
        },
        {
            "geometryType": "obb",
            "obb": {
                "xc": 643.6121215820312,
                "yc": 479.1271667480469,
                "w": 368.654296875,
                "h": 78.72713470458984,
                "theta": 39.930580139160156
            },
            "height": 1280,
            "width": 960
        }
    ]
}