{
    "objects": [
        {
            "geometryType": "obb",
            "obb": {
                "xc": 533.4789428710938,
                "yc": 407.0062255859375,
                "w": 985.1060180664062,
                "h": 401.80157470703125,
                "theta": 178.89405059814453
            },
            "height": 767,
            "width": 1127
        }
    ]
}