{
    "objects": [
        {
            "geometryType": "obb",
            "obb": {
                "xc": 585.9783935546875,
                "yc": 311.8138427734375,
                "w": 352.1708679199219,
                "h": 128.7004852294922,
                "theta": 141.20001983642578
            },
            "height": 986,
            "width": 1500
        },
        {
            "geometryType": "obb",
            "obb": {
                "xc": 860.1223754882812,
                "yc": 265.7707214355469,
                "w": 241.77877807617188,
                "h": 93.33399200439453,
                "theta": 22.145177841186523
            },
            "height": 986,
            "width": 1500
        },
        {
            "geometryType": "obb",
            "obb": {
                "xc": 1007.9456787109375,
                "yc": 381.1390380859375,
                "w": 115.811279296875,
                "h": 106.29490661621094,
                "theta": 59.64188766479492
            },
            "height": 986,
            "width": 1500
        }
    ]
}