{
    "objects": [
        {
            "geometryType": "obb",
            "obb": {
                "xc": 347.5843505859375,
                "yc": 703.4573974609375,
                "w": 117.59319305419922,
                "h": 42.67402648925781,
                "theta": 170.71644592285156
            },
            "height": 1280,
            "width": 719
        },
        {
            "geometryType": "obb",
            "obb": {
                "xc": 445.0552673339844,
                "yc": 705.334716796875,
                "w": 57.69759750366211,
                "h": 40.26164245605469,
                "theta": 14.38139533996582
            },
            "height": 1280,
            "width": 719
        }
    ]
}