{
    "objects": [
        {
            "geometryType": "obb",
            "obb": {
                "xc": 327.5994873046875,
                "yc": 218.55630493164062,
                "w": 292.6274719238281,
                "h": 256.64849853515625,
                "theta": 174.2007827758789
            },
            "height": 642,
            "width": 643
        },
        {
            "geometryType": "obb",
            "obb": {
                "xc": 392.18463134765625,
                "yc": 291.67694091796875,
                "w": 38.25395965576172,
                "h": 36.80911636352539,
                "theta": 176.05481719970703
            },
            "height": 642,
            "width": 643
        },
        {
            "geometryType": "obb",
            "obb": {
                "xc": 444.65570068359375,
                "yc": 282.2131042480469,
                "w": 36.39537048339844,
                "h": 33.86036682128906,
                "theta": 174.80557250976562
            },
            "height": 642,
            "width": 643
        },
        {
            "geometryType": "obb",
            "obb": {
                "xc": 319.5143737792969,
                "yc": 412.9212341308594,
                "w": 519.1954345703125,
                "h": 128.92849731445312,
                "theta": 163.40299224853516
            },
            "height": 642,
            "width": 643
        }
    ]
}