{
    "objects": [
        {
            "geometryType": "obb",
            "obb": {
                "xc": 339.2373352050781,
                "yc": 493.2138977050781,
                "w": 38.90973663330078,
                "h": 18.066518783569336,
                "theta": 25.64100456237793
            },
            "height": 800,
            "width": 450
        },
        {
            "geometryType": "obb",
            "obb": {
                "xc": 354.9268798828125,
                "yc": 530.6362915039062,
                "w": 62.029457092285156,
                "h": 21.37042236328125,
                "theta": 102.26477336883545
            },
            "height": 800,
            "width": 450
        },
        {
            "geometryType": "obb",
            "obb": {
                "xc": 302.1206970214844,
                "yc": 531.5517578125,
                "w": 73.90675354003906,
                "h": 28.411392211914062,
                "theta": 68.19859313964844
            },
            "height": 800,
            "width": 450
        }
    ]
}