{
    "objects": [
        {
            "geometryType": "obb",
            "obb": {
                "xc": 326.33184814453125,
                "yc": 508.28704833984375,
                "w": 337.73101806640625,
                "h": 121.83052062988281,
                "theta": 121.54248428344727
            },
            "height": 1200,
            "width": 1600
        },
        {
            "geometryType": "obb",
            "obb": {
                "xc": 558.0242919921875,
                "yc": 264.10247802734375,
                "w": 302.2820129394531,
                "h": 82.28280639648438,
                "theta": 150.1753921508789
            },
            "height": 1200,
            "width": 1600
        },
        {
            "geometryType": "obb",
            "obb": {
                "xc": 851.3235473632812,
                "yc": 175.94200134277344,
                "w": 143.0559539794922,
                "h": 84.1489028930664,
                "theta": 178.39773559570312
            },
            "height": 1200,
            "width": 1600
        },
        {
            "geometryType": "obb",
            "obb": {
                "xc": 1258.325439453125,
                "yc": 367.5647888183594,
                "w": 707.4918212890625,
                "h": 158.77061462402344,
                "theta": 40.69965744018555
            },
            "height": 1200,
            "width": 1600
        }
    ]
}