{
    "objects": [
        {
            "geometryType": "obb",
            "obb": {
                "xc": 313.46759033203125,
                "yc": 240.64837646484375,
                "w": 214.73175048828125,
                "h": 110.7116928100586,
                "theta": 2.862405300140381
            },
            "height": 960,
            "width": 1280
        },
        {
            "geometryType": "obb",
            "obb": {
                "xc": 531.825439453125,
                "yc": 300.23883056640625,
                "w": 233.44215393066406,
                "h": 83.34979248046875,
                "theta": 22.543060302734375
            },
            "height": 960,
            "width": 1280
        }
    ]
}