{
    "objects": [
        {
            "geometryType": "obb",
            "obb": {
                "xc": 559.9594116210938,
                "yc": 178.36917114257812,
                "w": 52.063621520996094,
                "h": 48.8209114074707,
                "theta": 172.23483276367188
            },
            "height": 924,
            "width": 746
        },
        {
            "geometryType": "obb",
            "obb": {
                "xc": 595.0743408203125,
                "yc": 217.3186492919922,
                "w": 93.90280151367188,
                "h": 22.635040283203125,
                "theta": 72.47443389892578
            },
            "height": 924,
            "width": 746
        },
        {
            "geometryType": "obb",
            "obb": {
                "xc": 566.4810791015625,
                "yc": 363.68804931640625,
                "w": 149.00335693359375,
                "h": 56.039005279541016,
                "theta": 89.61547088623047
            },
            "height": 924,
            "width": 746
        },
        {
            "geometryType": "obb",
            "obb": {
                "xc": 629.5,
                "yc": 472.5000305175781,
                "w": 167.3011016845703,
                "h": 47.96180725097656,
                "theta": 89.64412689208984
            },
            "height": 924,
            "width": 746
        }
    ]
}