{
    "objects": [
        {
            "geometryType": "obb",
            "obb": {
                "xc": 618.8005981445312,
                "yc": 201.30380249023438,
                "w": 239.9349365234375,
                "h": 87.48937225341797,
                "theta": 171.14203643798828
            },
            "height": 1037,
            "width": 1536
        },
        {
            "geometryType": "obb",
            "obb": {
                "xc": 861.2403564453125,
                "yc": 205.45018005371094,
                "w": 192.5051727294922,
                "h": 89.07030487060547,
                "theta": 9.329540252685547
            },
            "height": 1037,
            "width": 1536
        }
    ]
}