{
    "objects": [
        {
            "geometryType": "obb",
            "obb": {
                "xc": 277.1551513671875,
                "yc": 138.52671813964844,
                "w": 98.9542007446289,
                "h": 29.223876953125,
                "theta": 165.81570434570312
            },
            "height": 503,
            "width": 662
        },
        {
            "geometryType": "obb",
            "obb": {
                "xc": 379.8097229003906,
                "yc": 133.85398864746094,
                "w": 75.50224304199219,
                "h": 28.46621322631836,
                "theta": 11.94417667388916
            },
            "height": 503,
            "width": 662
        },
        {
            "geometryType": "obb",
            "obb": {
                "xc": 328.05194091796875,
                "yc": 266.8381652832031,
                "w": 520.3397216796875,
                "h": 207.8621826171875,
                "theta": 171.25383758544922
            },
            "height": 503,
            "width": 662
        },
        {
            "geometryType": "obb",
            "obb": {
                "xc": 279.2705993652344,
                "yc": 382.934814453125,
                "w": 158.89755249023438,
                "h": 46.13236618041992,
                "theta": 163.85565948486328
            },
            "height": 503,
            "width": 662
        }
    ]
}