{
    "objects": [
        {
            "geometryType": "obb",
            "obb": {
                "xc": 903.7313842773438,
                "yc": 529.1431884765625,
                "w": 1484.21435546875,
                "h": 592.0609741210938,
                "theta": 0.17362305521965027
            },
            "height": 837,
            "width": 1671
        }
    ]
}