{
    "objects": [
        {
            "geometryType": "obb",
            "obb": {
                "xc": 367.2247009277344,
                "yc": 163.30099487304688,
                "w": 328.0971984863281,
                "h": 40.576873779296875,
                "theta": 1.4796358346939087
            },
            "height": 405,
            "width": 720
        },
        {
            "geometryType": "obb",
            "obb": {
                "xc": 349.675048828125,
                "yc": 294.6732482910156,
                "w": 459.45172119140625,
                "h": 90.53430938720703,
                "theta": 1.707498550415039
            },
            "height": 405,
            "width": 720
        }
    ]
}