{
    "objects": [
        {
            "geometryType": "obb",
            "obb": {
                "xc": 526.0,
                "yc": 103.5,
                "w": 364.0,
                "h": 115.0,
                "theta": -0.0
            },
            "height": 561,
            "width": 1025
        },
        {
            "geometryType": "obb",
            "obb": {
                "xc": 435.82611083984375,
                "yc": 228.753173828125,
                "w": 393.6724548339844,
                "h": 79.62965393066406,
                "theta": 3.349367618560791
            },
            "height": 561,
            "width": 1025
        },
        {
            "geometryType": "obb",
            "obb": {
                "xc": 723.0731811523438,
                "yc": 240.7527313232422,
                "w": 127.00035095214844,
                "h": 80.51354217529297,
                "theta": 179.11859893798828
            },
            "height": 561,
            "width": 1025
        }
    ]
}