{
    "objects": [
        {
            "geometryType": "obb",
            "obb": {
                "xc": 451.12139892578125,
                "yc": 200.07437133789062,
                "w": 507.26373291015625,
                "h": 216.65606689453125,
                "theta": 14.794171333312988
            },
            "height": 831,
            "width": 950
        },
        {
            "geometryType": "obb",
            "obb": {
                "xc": 399.01434326171875,
                "yc": 647.9993896484375,
                "w": 471.57025146484375,
                "h": 124.30550384521484,
                "theta": 17.589153289794922
            },
            "height": 831,
            "width": 950
        }
    ]
}