{
    "objects": [
        {
            "geometryType": "obb",
            "obb": {
                "xc": 59.57911682128906,
                "yc": 46.30837631225586,
                "w": 76.68756103515625,
                "h": 28.805400848388672,
                "theta": 141.0440902709961
            },
            "height": 306,
            "width": 262
        },
        {
            "geometryType": "obb",
            "obb": {
                "xc": 150.22561645507812,
                "yc": 40.573307037353516,
                "w": 119.05004119873047,
                "h": 34.39607238769531,
                "theta": 27.86700439453125
            },
            "height": 306,
            "width": 262
        },
        {
            "geometryType": "obb",
            "obb": {
                "xc": 114.5,
                "yc": 162.5,
                "w": 173.0,
                "h": 63.0,
                "theta": 0.0
            },
            "height": 306,
            "width": 262
        },
        {
            "geometryType": "obb",
            "obb": {
                "xc": 117.8869857788086,
                "yc": 246.94863891601562,
                "w": 56.92393493652344,
                "h": 26.98150062561035,
                "theta": 177.87889862060547
            },
            "height": 306,
            "width": 262
        }
    ]
}