{
    "objects": [
        {
            "geometryType": "obb",
            "obb": {
                "xc": 293.3390808105469,
                "yc": 290.7348327636719,
                "w": 144.3824005126953,
                "h": 55.1317024230957,
                "theta": 172.93326568603516
            },
            "height": 1080,
            "width": 608
        }
    ]
}