{
    "objects": [
        {
            "geometryType": "obb",
            "obb": {
                "xc": 252.51368713378906,
                "yc": 97.13798522949219,
                "w": 271.5846252441406,
                "h": 42.60506820678711,
                "theta": 11.777122497558594
            },
            "height": 365,
            "width": 550
        },
        {
            "geometryType": "obb",
            "obb": {
                "xc": 145.0,
                "yc": 281.5,
                "w": 24.0,
                "h": 11.0,
                "theta": -0.0
            },
            "height": 365,
            "width": 550
        },
        {
            "geometryType": "obb",
            "obb": {
                "xc": 177.99998474121094,
                "yc": 284.9999694824219,
                "w": 45.99999237060547,
                "h": 11.999998092651367,
                "theta": 0.0
            },
            "height": 365,
            "width": 550
        }
    ]
}