{
    "objects": [
        {
            "geometryType": "obb",
            "obb": {
                "xc": 615.3011474609375,
                "yc": 161.84579467773438,
                "w": 541.9989013671875,
                "h": 157.66371154785156,
                "theta": 1.6989531517028809
            },
            "height": 724,
            "width": 1174
        },
        {
            "geometryType": "obb",
            "obb": {
                "xc": 226.96600341796875,
                "yc": 591.6112670898438,
                "w": 122.83049774169922,
                "h": 108.21116638183594,
                "theta": 0.4735080897808075
            },
            "height": 724,
            "width": 1174
        },
        {
            "geometryType": "obb",
            "obb": {
                "xc": 685.0765380859375,
                "yc": 592.0580444335938,
                "w": 697.0346069335938,
                "h": 113.85542297363281,
                "theta": 0.6547803282737732
            },
            "height": 724,
            "width": 1174
        }
    ]
}