{
    "objects": [
        {
            "geometryType": "obb",
            "obb": {
                "xc": 162.7692413330078,
                "yc": 163.34616088867188,
                "w": 276.84552001953125,
                "h": 73.05645751953125,
                "theta": 150.25512313842773
            },
            "height": 977,
            "width": 659
        },
        {
            "geometryType": "obb",
            "obb": {
                "xc": 355.41851806640625,
                "yc": 112.45492553710938,
                "w": 117.52302551269531,
                "h": 73.4779052734375,
                "theta": 2.385944128036499
            },
            "height": 977,
            "width": 659
        },
        {
            "geometryType": "obb",
            "obb": {
                "xc": 491.0947570800781,
                "yc": 158.10475158691406,
                "w": 164.5032501220703,
                "h": 59.896514892578125,
                "theta": 29.42745590209961
            },
            "height": 977,
            "width": 659
        }
    ]
}