{
    "objects": [
        {
            "geometryType": "obb",
            "obb": {
                "xc": 187.82630920410156,
                "yc": 98.92837524414062,
                "w": 280.688720703125,
                "h": 101.62203216552734,
                "theta": 132.3974380493164
            },
            "height": 490,
            "width": 675
        },
        {
            "geometryType": "obb",
            "obb": {
                "xc": 519.1923217773438,
                "yc": 135.0384521484375,
                "w": 263.2052307128906,
                "h": 85.14646911621094,
                "theta": 56.30992889404297
            },
            "height": 490,
            "width": 675
        },
        {
            "geometryType": "obb",
            "obb": {
                "xc": 208.60641479492188,
                "yc": 376.8143310546875,
                "w": 312.8194580078125,
                "h": 96.8853759765625,
                "theta": 39.289405822753906
            },
            "height": 490,
            "width": 675
        },
        {
            "geometryType": "obb",
            "obb": {
                "xc": 494.9725646972656,
                "yc": 383.1553955078125,
                "w": 263.23211669921875,
                "h": 84.43958282470703,
                "theta": 140.26239776611328
            },
            "height": 490,
            "width": 675
        }
    ]
}