{
    "objects": [
        {
            "geometryType": "obb",
            "obb": {
                "xc": 414.5819396972656,
                "yc": 303.76446533203125,
                "w": 750.0307006835938,
                "h": 309.5478515625,
                "theta": 179.83950805664062
            },
            "height": 1080,
            "width": 810
        },
        {
            "geometryType": "obb",
            "obb": {
                "xc": 344.2867126464844,
                "yc": 529.3489379882812,
                "w": 134.2853546142578,
                "h": 46.49031448364258,
                "theta": 15.172914505004883
            },
            "height": 1080,
            "width": 810
        },
        {
            "geometryType": "obb",
            "obb": {
                "xc": 500.3739318847656,
                "yc": 525.2943725585938,
                "w": 164.73919677734375,
                "h": 51.99920654296875,
                "theta": 164.3271713256836
            },
            "height": 1080,
            "width": 810
        }
    ]
}