{
    "objects": [
        {
            "geometryType": "obb",
            "obb": {
                "xc": 381.8958740234375,
                "yc": 106.96469116210938,
                "w": 294.25506591796875,
                "h": 56.60078048706055,
                "theta": 173.39515686035156
            },
            "height": 608,
            "width": 1080
        },
        {
            "geometryType": "obb",
            "obb": {
                "xc": 693.5907592773438,
                "yc": 111.53153228759766,
                "w": 304.9739074707031,
                "h": 63.42605209350586,
                "theta": 6.85830020904541
            },
            "height": 608,
            "width": 1080
        }
    ]
}