{
    "objects": [
        {
            "geometryType": "obb",
            "obb": {
                "xc": 252.41903686523438,
                "yc": 115.6905746459961,
                "w": 211.14308166503906,
                "h": 60.22897720336914,
                "theta": 158.0254898071289
            },
            "height": 376,
            "width": 748
        },
        {
            "geometryType": "obb",
            "obb": {
                "xc": 396.0,
                "yc": 82.0,
                "w": 58.68094253540039,
                "h": 38.99420928955078,
                "theta": 89.01223754882812
            },
            "height": 376,
            "width": 748
        },
        {
            "geometryType": "obb",
            "obb": {
                "xc": 553.9139404296875,
                "yc": 135.87384033203125,
                "w": 236.67446899414062,
                "h": 58.27559280395508,
                "theta": 30.729129791259766
            },
            "height": 376,
            "width": 748
        }
    ]
}