{
    "objects": [
        {
            "geometryType": "obb",
            "obb": {
                "xc": 137.20703125,
                "yc": 65.122802734375,
                "w": 179.5382537841797,
                "h": 59.72309112548828,
                "theta": 176.0817413330078
            },
            "height": 272,
            "width": 449
        },
        {
            "geometryType": "obb",
            "obb": {
                "xc": 226.64114379882812,
                "yc": 141.1900177001953,
                "w": 114.85366821289062,
                "h": 32.91691207885742,
                "theta": 96.6048355102539
            },
            "height": 272,
            "width": 449
        },
        {
            "geometryType": "obb",
            "obb": {
                "xc": 93.66566467285156,
                "yc": 199.34420776367188,
                "w": 121.90872955322266,
                "h": 33.048072814941406,
                "theta": 31.82744789123535
            },
            "height": 272,
            "width": 449
        }
    ]
}