{
    "objects": [
        {
            "geometryType": "obb",
            "obb": {
                "xc": 382.60479736328125,
                "yc": 185.73057556152344,
                "w": 405.6106262207031,
                "h": 90.92831420898438,
                "theta": 8.176197052001953
            },
            "height": 552,
            "width": 736
        },
        {
            "geometryType": "obb",
            "obb": {
                "xc": 397.26519775390625,
                "yc": 322.78350830078125,
                "w": 384.4294128417969,
                "h": 207.26939392089844,
                "theta": 7.624192714691162
            },
            "height": 552,
            "width": 736
        },
        {
            "geometryType": "obb",
            "obb": {
                "xc": 206.1730499267578,
                "yc": 454.6275329589844,
                "w": 105.11898040771484,
                "h": 53.330047607421875,
                "theta": 11.523721694946289
            },
            "height": 552,
            "width": 736
        }
    ]
}