{
    "objects": [
        {
            "geometryType": "obb",
            "obb": {
                "xc": 185.07366943359375,
                "yc": 254.3241729736328,
                "w": 49.111236572265625,
                "h": 18.217252731323242,
                "theta": 167.19573211669922
            },
            "height": 524,
            "width": 500
        },
        {
            "geometryType": "obb",
            "obb": {
                "xc": 308.2021179199219,
                "yc": 258.53912353515625,
                "w": 43.2933235168457,
                "h": 11.306302070617676,
                "theta": 10.954063415527344
            },
            "height": 524,
            "width": 500
        },
        {
            "geometryType": "obb",
            "obb": {
                "xc": 244.01417541503906,
                "yc": 402.36700439453125,
                "w": 283.32122802734375,
                "h": 96.10456085205078,
                "theta": 8.092082977294922
            },
            "height": 524,
            "width": 500
        }
    ]
}