{
    "objects": [
        {
            "geometryType": "obb",
            "obb": {
                "xc": 403.50982666015625,
                "yc": 413.88983154296875,
                "w": 622.2623291015625,
                "h": 111.9424057006836,
                "theta": 102.97166538238525
            },
            "height": 1006,
            "width": 655
        }
    ]
}