{
    "objects": [
        {
            "geometryType": "obb",
            "obb": {
                "xc": 569.3909301757812,
                "yc": 168.77999877929688,
                "w": 441.3294372558594,
                "h": 168.18211364746094,
                "theta": 174.9415512084961
            },
            "height": 810,
            "width": 1080
        },
        {
            "geometryType": "obb",
            "obb": {
                "xc": 519.6700439453125,
                "yc": 234.57720947265625,
                "w": 43.185646057128906,
                "h": 25.263023376464844,
                "theta": 174.68545532226562
            },
            "height": 810,
            "width": 1080
        },
        {
            "geometryType": "obb",
            "obb": {
                "xc": 582.76171875,
                "yc": 226.8057098388672,
                "w": 82.34492492675781,
                "h": 26.36454200744629,
                "theta": 176.3086166381836
            },
            "height": 810,
            "width": 1080
        },
        {
            "geometryType": "obb",
            "obb": {
                "xc": 653.8726196289062,
                "yc": 229.64707946777344,
                "w": 62.44257736206055,
                "h": 25.832761764526367,
                "theta": 11.129189491271973
            },
            "height": 810,
            "width": 1080
        }
    ]
}