{
    "objects": [
        {
            "geometryType": "obb",
            "obb": {
                "xc": 307.898193359375,
                "yc": 169.82861328125,
                "w": 417.4710693359375,
                "h": 83.83590698242188,
                "theta": 174.72828674316406
            },
            "height": 500,
            "width": 1162
        },
        {
            "geometryType": "obb",
            "obb": {
                "xc": 868.6477661132812,
                "yc": 171.7078857421875,
                "w": 565.51806640625,
                "h": 97.62785339355469,
                "theta": 9.178515434265137
            },
            "height": 500,
            "width": 1162
        },
        {
            "geometryType": "obb",
            "obb": {
                "xc": 609.6765747070312,
                "yc": 394.988037109375,
                "w": 725.0027465820312,
                "h": 128.02435302734375,
                "theta": 0.15805692970752716
            },
            "height": 500,
            "width": 1162
        }
    ]
}