{
    "objects": [
        {
            "geometryType": "obb",
            "obb": {
                "xc": 131.6000213623047,
                "yc": 86.20000457763672,
                "w": 65.29318237304688,
                "h": 14.310833930969238,
                "theta": 153.43495178222656
            },
            "height": 213,
            "width": 320
        },
        {
            "geometryType": "obb",
            "obb": {
                "xc": 196.74061584472656,
                "yc": 77.18885803222656,
                "w": 65.51335144042969,
                "h": 15.117100715637207,
                "theta": 12.308016777038574
            },
            "height": 213,
            "width": 320
        }
    ]
}