{
    "objects": [
        {
            "geometryType": "obb",
            "obb": {
                "xc": 120.5855941772461,
                "yc": 123.01477813720703,
                "w": 92.61536407470703,
                "h": 22.045948028564453,
                "theta": 174.8636245727539
            },
            "height": 300,
            "width": 362
        },
        {
            "geometryType": "obb",
            "obb": {
                "xc": 229.0778350830078,
                "yc": 120.75485229492188,
                "w": 113.40373229980469,
                "h": 21.4581298828125,
                "theta": 3.5763344764709473
            },
            "height": 300,
            "width": 362
        }
    ]
}