{
    "objects": [
        {
            "geometryType": "obb",
            "obb": {
                "xc": 209.10443115234375,
                "yc": 184.47666931152344,
                "w": 165.8013916015625,
                "h": 65.0182113647461,
                "theta": 150.9031105041504
            },
            "height": 629,
            "width": 583
        },
        {
            "geometryType": "obb",
            "obb": {
                "xc": 379.8478698730469,
                "yc": 182.790283203125,
                "w": 122.77902221679688,
                "h": 61.3571891784668,
                "theta": 37.116859436035156
            },
            "height": 629,
            "width": 583
        }
    ]
}