{
    "objects": [
        {
            "geometryType": "obb",
            "obb": {
                "xc": 562.9041137695312,
                "yc": 584.677978515625,
                "w": 222.34498596191406,
                "h": 45.954071044921875,
                "theta": 4.372931003570557
            },
            "height": 1280,
            "width": 960
        },
        {
            "geometryType": "obb",
            "obb": {
                "xc": 502.822021484375,
                "yc": 681.6301879882812,
                "w": 176.90447998046875,
                "h": 48.565670013427734,
                "theta": 21.420459747314453
            },
            "height": 1280,
            "width": 960
        },
        {
            "geometryType": "obb",
            "obb": {
                "xc": 630.3229370117188,
                "yc": 680.3837280273438,
                "w": 106.69007110595703,
                "h": 37.18243408203125,
                "theta": 144.7436408996582
            },
            "height": 1280,
            "width": 960
        },
        {
            "geometryType": "obb",
            "obb": {
                "xc": 547.7960815429688,
                "yc": 668.0269165039062,
                "w": 146.0771026611328,
                "h": 41.975460052490234,
                "theta": 2.5791478157043457
            },
            "height": 1280,
            "width": 960
        }
    ]
}