{
    "objects": [
        {
            "geometryType": "obb",
            "obb": {
                "xc": 378.5126647949219,
                "yc": 460.9707336425781,
                "w": 378.5252990722656,
                "h": 77.64476013183594,
                "theta": 176.72950744628906
            },
            "height": 1008,
            "width": 756
        }
    ]
}