{
    "objects": [
        {
            "geometryType": "obb",
            "obb": {
                "xc": 152.01364135742188,
                "yc": 72.66096496582031,
                "w": 67.65591430664062,
                "h": 26.41331672668457,
                "theta": 171.3474578857422
            },
            "height": 213,
            "width": 320
        },
        {
            "geometryType": "obb",
            "obb": {
                "xc": 153.49998474121094,
                "yc": 82.5,
                "w": 14.112157821655273,
                "h": 12.118047714233398,
                "theta": 85.60128784179688
            },
            "height": 213,
            "width": 320
        },
        {
            "geometryType": "obb",
            "obb": {
                "xc": 151.64244079589844,
                "yc": 97.77082061767578,
                "w": 56.568241119384766,
                "h": 23.9539794921875,
                "theta": 172.05652618408203
            },
            "height": 213,
            "width": 320
        }
    ]
}