{
    "objects": [
        {
            "geometryType": "obb",
            "obb": {
                "xc": 355.4908447265625,
                "yc": 199.49844360351562,
                "w": 110.7727279663086,
                "h": 49.14551544189453,
                "theta": 9.637537956237793
            },
            "height": 768,
            "width": 1024
        },
        {
            "geometryType": "obb",
            "obb": {
                "xc": 483.1100769042969,
                "yc": 220.07240295410156,
                "w": 120.5107192993164,
                "h": 50.005218505859375,
                "theta": 6.76617431640625
            },
            "height": 768,
            "width": 1024
        },
        {
            "geometryType": "obb",
            "obb": {
                "xc": 584.4100341796875,
                "yc": 240.6300048828125,
                "w": 65.76094055175781,
                "h": 44.406307220458984,
                "theta": 8.130102157592773
            },
            "height": 768,
            "width": 1024
        },
        {
            "geometryType": "obb",
            "obb": {
                "xc": 657.9999389648438,
                "yc": 263.5,
                "w": 92.66918182373047,
                "h": 40.67231750488281,
                "theta": 20.72555923461914
            },
            "height": 768,
            "width": 1024
        }
    ]
}