{
    "objects": [
        {
            "geometryType": "obb",
            "obb": {
                "xc": 581.7000732421875,
                "yc": 379.5554504394531,
                "w": 394.9353942871094,
                "h": 84.5493392944336,
                "theta": 4.739072322845459
            },
            "height": 720,
            "width": 1280
        },
        {
            "geometryType": "obb",
            "obb": {
                "xc": 479.69964599609375,
                "yc": 524.793701171875,
                "w": 201.69456481933594,
                "h": 58.62372589111328,
                "theta": 27.672077178955078
            },
            "height": 720,
            "width": 1280
        },
        {
            "geometryType": "obb",
            "obb": {
                "xc": 679.4622802734375,
                "yc": 547.46435546875,
                "w": 191.6750030517578,
                "h": 64.74555969238281,
                "theta": 165.3526153564453
            },
            "height": 720,
            "width": 1280
        },
        {
            "geometryType": "obb",
            "obb": {
                "xc": 565.0574340820312,
                "yc": 427.368896484375,
                "w": 88.00074005126953,
                "h": 24.987863540649414,
                "theta": 5.194429397583008
            },
            "height": 720,
            "width": 1280
        }
    ]
}