{
    "objects": [
        {
            "geometryType": "obb",
            "obb": {
                "xc": 254.1739501953125,
                "yc": 127.47987365722656,
                "w": 355.8562927246094,
                "h": 84.95323181152344,
                "theta": 179.01788330078125
            },
            "height": 676,
            "width": 500
        },
        {
            "geometryType": "obb",
            "obb": {
                "xc": 247.5,
                "yc": 182.5,
                "w": 148.3927764892578,
                "h": 45.05088806152344,
                "theta": 179.2097625732422
            },
            "height": 676,
            "width": 500
        }
    ]
}