{
    "objects": [
        {
            "geometryType": "obb",
            "obb": {
                "xc": 251.70726013183594,
                "yc": 108.01710510253906,
                "w": 299.989501953125,
                "h": 130.02474975585938,
                "theta": 179.52054595947266
            },
            "height": 409,
            "width": 615
        },
        {
            "geometryType": "obb",
            "obb": {
                "xc": 269.59942626953125,
                "yc": 332.8691711425781,
                "w": 196.43618774414062,
                "h": 62.24138641357422,
                "theta": 174.46136474609375
            },
            "height": 409,
            "width": 615
        },
        {
            "geometryType": "obb",
            "obb": {
                "xc": 361.4999694824219,
                "yc": 362.5000305175781,
                "w": 19.913738250732422,
                "h": 15.91989517211914,
                "theta": 93.1798300743103
            },
            "height": 409,
            "width": 615
        },
        {
            "geometryType": "obb",
            "obb": {
                "xc": 537.1019897460938,
                "yc": 190.2696075439453,
                "w": 28.251569747924805,
                "h": 15.598794937133789,
                "theta": 10.885526657104492
            },
            "height": 409,
            "width": 615
        }
    ]
}