{
    "objects": [
        {
            "geometryType": "obb",
            "obb": {
                "xc": 420.82196044921875,
                "yc": 251.64987182617188,
                "w": 86.50387573242188,
                "h": 52.83926773071289,
                "theta": 119.35775566101074
            },
            "height": 1280,
            "width": 960
        },
        {
            "geometryType": "obb",
            "obb": {
                "xc": 528.5133666992188,
                "yc": 244.9833984375,
                "w": 143.43458557128906,
                "h": 61.80375671386719,
                "theta": 38.94580841064453
            },
            "height": 1280,
            "width": 960
        },
        {
            "geometryType": "obb",
            "obb": {
                "xc": 483.99420166015625,
                "yc": 346.6468200683594,
                "w": 64.02921295166016,
                "h": 52.74376678466797,
                "theta": 2.2457425594329834
            },
            "height": 1280,
            "width": 960
        }
    ]
}