{
    "objects": [
        {
            "geometryType": "obb",
            "obb": {
                "xc": 300.866455078125,
                "yc": 190.92103576660156,
                "w": 280.0688171386719,
                "h": 72.61125183105469,
                "theta": 151.08806991577148
            },
            "height": 764,
            "width": 1111
        },
        {
            "geometryType": "obb",
            "obb": {
                "xc": 700.2942504882812,
                "yc": 159.9153594970703,
                "w": 477.7016906738281,
                "h": 111.33124542236328,
                "theta": 16.735158920288086
            },
            "height": 764,
            "width": 1111
        },
        {
            "geometryType": "obb",
            "obb": {
                "xc": 615.9578247070312,
                "yc": 464.7652282714844,
                "w": 38.545265197753906,
                "h": 18.256528854370117,
                "theta": 1.9091522693634033
            },
            "height": 764,
            "width": 1111
        }
    ]
}