{
    "objects": [
        {
            "geometryType": "obb",
            "obb": {
                "xc": 620.4910888671875,
                "yc": 121.71929931640625,
                "w": 348.85906982421875,
                "h": 42.48546600341797,
                "theta": 2.3170623779296875
            },
            "height": 960,
            "width": 1280
        },
        {
            "geometryType": "obb",
            "obb": {
                "xc": 620.4119262695312,
                "yc": 280.37158203125,
                "w": 229.8059844970703,
                "h": 74.81029510498047,
                "theta": 2.615755081176758
            },
            "height": 960,
            "width": 1280
        }
    ]
}