{
    "objects": [
        {
            "geometryType": "obb",
            "obb": {
                "xc": 217.59307861328125,
                "yc": 124.93446350097656,
                "w": 246.39466857910156,
                "h": 76.52061462402344,
                "theta": 126.81219863891602
            },
            "height": 590,
            "width": 882
        },
        {
            "geometryType": "obb",
            "obb": {
                "xc": 460.63800048828125,
                "yc": 100.61064147949219,
                "w": 301.7543029785156,
                "h": 94.91241455078125,
                "theta": 40.65066146850586
            },
            "height": 590,
            "width": 882
        }
    ]
}