{
    "objects": [
        {
            "geometryType": "obb",
            "obb": {
                "xc": 63.36853790283203,
                "yc": 304.640625,
                "w": 138.02899169921875,
                "h": 68.56842041015625,
                "theta": 157.52056884765625
            },
            "height": 963,
            "width": 649
        },
        {
            "geometryType": "obb",
            "obb": {
                "xc": 256.8275146484375,
                "yc": 278.1890563964844,
                "w": 236.23507690429688,
                "h": 90.08781433105469,
                "theta": 172.1207275390625
            },
            "height": 963,
            "width": 649
        },
        {
            "geometryType": "obb",
            "obb": {
                "xc": 296.79449462890625,
                "yc": 366.4820556640625,
                "w": 159.3236083984375,
                "h": 43.80413055419922,
                "theta": 148.96173858642578
            },
            "height": 963,
            "width": 649
        },
        {
            "geometryType": "obb",
            "obb": {
                "xc": 462.8387145996094,
                "yc": 364.7167053222656,
                "w": 180.2899169921875,
                "h": 47.369319915771484,
                "theta": 28.523120880126953
            },
            "height": 963,
            "width": 649
        }
    ]
}