{
    "objects": [
        {
            "geometryType": "obb",
            "obb": {
                "xc": 186.2479705810547,
                "yc": 155.845458984375,
                "w": 265.11663818359375,
                "h": 103.50106811523438,
                "theta": 164.10985565185547
            },
            "height": 213,
            "width": 320
        }
    ]
}