{
    "objects": [
        {
            "geometryType": "obb",
            "obb": {
                "xc": 988.1354370117188,
                "yc": 529.5994873046875,
                "w": 283.1895751953125,
                "h": 97.15987396240234,
                "theta": 137.47522354125977
            },
            "height": 1120,
            "width": 1930
        },
        {
            "geometryType": "obb",
            "obb": {
                "xc": 1238.037353515625,
                "yc": 487.3109436035156,
                "w": 244.34881591796875,
                "h": 83.32089233398438,
                "theta": 27.540800094604492
            },
            "height": 1120,
            "width": 1930
        },
        {
            "geometryType": "obb",
            "obb": {
                "xc": 1114.0740966796875,
                "yc": 936.4871215820312,
                "w": 324.07672119140625,
                "h": 101.02220916748047,
                "theta": 179.5950927734375
            },
            "height": 1120,
            "width": 1930
        }
    ]
}