{
    "objects": [
        {
            "geometryType": "obb",
            "obb": {
                "xc": 215.56906127929688,
                "yc": 755.477783203125,
                "w": 370.65887451171875,
                "h": 324.5115966796875,
                "theta": 153.9605827331543
            },
            "height": 1067,
            "width": 1600
        },
        {
            "geometryType": "obb",
            "obb": {
                "xc": 780.378662109375,
                "yc": 660.2655029296875,
                "w": 795.3963012695312,
                "h": 378.60198974609375,
                "theta": 13.240520477294922
            },
            "height": 1067,
            "width": 1600
        }
    ]
}