{
    "objects": [
        {
            "geometryType": "obb",
            "obb": {
                "xc": 365.5,
                "yc": 438.5,
                "w": 37.0,
                "h": 21.0,
                "theta": 180.0
            },
            "height": 500,
            "width": 729
        },
        {
            "geometryType": "obb",
            "obb": {
                "xc": 213.47991943359375,
                "yc": 186.08639526367188,
                "w": 256.7041015625,
                "h": 67.01099395751953,
                "theta": 4.244638919830322
            },
            "height": 500,
            "width": 729
        },
        {
            "geometryType": "obb",
            "obb": {
                "xc": 205.1969757080078,
                "yc": 226.2017364501953,
                "w": 84.59461212158203,
                "h": 46.62068176269531,
                "theta": 177.31622314453125
            },
            "height": 500,
            "width": 729
        },
        {
            "geometryType": "obb",
            "obb": {
                "xc": 694.0983276367188,
                "yc": 396.4180603027344,
                "w": 65.16168975830078,
                "h": 31.550167083740234,
                "theta": 166.75948333740234
            },
            "height": 500,
            "width": 729
        }
    ]
}