{
    "objects": [
        {
            "geometryType": "obb",
            "obb": {
                "xc": 335.75994873046875,
                "yc": 678.960205078125,
                "w": 112.238525390625,
                "h": 94.20309448242188,
                "theta": 112.7297306060791
            },
            "height": 768,
            "width": 1024
        },
        {
            "geometryType": "obb",
            "obb": {
                "xc": 417.0,
                "yc": 699.5,
                "w": 99.0,
                "h": 90.0,
                "theta": 90.0
            },
            "height": 768,
            "width": 1024
        },
        {
            "geometryType": "obb",
            "obb": {
                "xc": 543.275390625,
                "yc": 605.7008666992188,
                "w": 247.4151153564453,
                "h": 65.4312744140625,
                "theta": 130.2921485900879
            },
            "height": 768,
            "width": 1024
        }
    ]
}