{
    "objects": [
        {
            "geometryType": "obb",
            "obb": {
                "xc": 427.7389831542969,
                "yc": 126.50847625732422,
                "w": 106.46601104736328,
                "h": 24.15963363647461,
                "theta": 164.380615234375
            },
            "height": 500,
            "width": 814
        },
        {
            "geometryType": "obb",
            "obb": {
                "xc": 512.9999389648438,
                "yc": 113.0,
                "w": 60.03532791137695,
                "h": 23.743633270263672,
                "theta": 174.61068725585938
            },
            "height": 500,
            "width": 814
        },
        {
            "geometryType": "obb",
            "obb": {
                "xc": 598.8236083984375,
                "yc": 123.9628677368164,
                "w": 79.05652618408203,
                "h": 20.395036697387695,
                "theta": 11.888657569885254
            },
            "height": 500,
            "width": 814
        },
        {
            "geometryType": "obb",
            "obb": {
                "xc": 670.5709838867188,
                "yc": 147.83352661132812,
                "w": 69.68795776367188,
                "h": 18.488948822021484,
                "theta": 23.085134506225586
            },
            "height": 500,
            "width": 814
        }
    ]
}