{
    "objects": [
        {
            "geometryType": "obb",
            "obb": {
                "xc": 294.6505126953125,
                "yc": 474.6362609863281,
                "w": 431.99188232421875,
                "h": 118.00105285644531,
                "theta": 9.965744018554688
            },
            "height": 933,
            "width": 661
        },
        {
            "geometryType": "obb",
            "obb": {
                "xc": 130.0203857421875,
                "yc": 527.5707397460938,
                "w": 78.66412353515625,
                "h": 40.47419738769531,
                "theta": 177.95458984375
            },
            "height": 933,
            "width": 661
        },
        {
            "geometryType": "obb",
            "obb": {
                "xc": 222.0,
                "yc": 523.0,
                "w": 96.0,
                "h": 42.0,
                "theta": -0.0
            },
            "height": 933,
            "width": 661
        }
    ]
}