{
    "objects": [
        {
            "geometryType": "obb",
            "obb": {
                "xc": 403.149658203125,
                "yc": 471.92755126953125,
                "w": 80.57160186767578,
                "h": 29.33061408996582,
                "theta": 170.83765411376953
            },
            "height": 1280,
            "width": 719
        },
        {
            "geometryType": "obb",
            "obb": {
                "xc": 404.557861328125,
                "yc": 509.1995544433594,
                "w": 148.09283447265625,
                "h": 59.00355911254883,
                "theta": 173.49436950683594
            },
            "height": 1280,
            "width": 719
        },
        {
            "geometryType": "obb",
            "obb": {
                "xc": 407.38531494140625,
                "yc": 514.715576171875,
                "w": 67.09025573730469,
                "h": 21.236948013305664,
                "theta": 174.89783477783203
            },
            "height": 1280,
            "width": 719
        }
    ]
}