{
    "objects": [
        {
            "geometryType": "obb",
            "obb": {
                "xc": 575.2433471679688,
                "yc": 230.6279296875,
                "w": 164.53353881835938,
                "h": 70.66162109375,
                "theta": 172.193603515625
            },
            "height": 533,
            "width": 800
        }
    ]
}