{
    "objects": [
        {
            "geometryType": "obb",
            "obb": {
                "xc": 181.44000244140625,
                "yc": 374.58001708984375,
                "w": 53.000003814697266,
                "h": 18.000001907348633,
                "theta": 36.86989212036133
            },
            "height": 567,
            "width": 1008
        },
        {
            "geometryType": "obb",
            "obb": {
                "xc": 239.07244873046875,
                "yc": 397.208251953125,
                "w": 70.20704650878906,
                "h": 16.063236236572266,
                "theta": 9.865806579589844
            },
            "height": 567,
            "width": 1008
        },
        {
            "geometryType": "obb",
            "obb": {
                "xc": 315.02569580078125,
                "yc": 386.9205322265625,
                "w": 82.34127807617188,
                "h": 19.23978042602539,
                "theta": 156.27960205078125
            },
            "height": 567,
            "width": 1008
        },
        {
            "geometryType": "obb",
            "obb": {
                "xc": 720.344970703125,
                "yc": 334.5325012207031,
                "w": 578.6106567382812,
                "h": 142.9327850341797,
                "theta": 2.2025980949401855
            },
            "height": 567,
            "width": 1008
        }
    ]
}