{
    "objects": [
        {
            "geometryType": "obb",
            "obb": {
                "xc": 205.77883911132812,
                "yc": 99.19529724121094,
                "w": 70.82040405273438,
                "h": 16.880477905273438,
                "theta": 129.09385299682617
            },
            "height": 991,
            "width": 664
        },
        {
            "geometryType": "obb",
            "obb": {
                "xc": 258.76336669921875,
                "yc": 69.62262725830078,
                "w": 54.051597595214844,
                "h": 29.88685417175293,
                "theta": 1.2188752889633179
            },
            "height": 991,
            "width": 664
        },
        {
            "geometryType": "obb",
            "obb": {
                "xc": 237.96762084960938,
                "yc": 173.42059326171875,
                "w": 207.75340270996094,
                "h": 85.40630340576172,
                "theta": 157.83365631103516
            },
            "height": 991,
            "width": 664
        }
    ]
}