{
    "objects": [
        {
            "geometryType": "obb",
            "obb": {
                "xc": 99.33335876464844,
                "yc": 458.38763427734375,
                "w": 166.42813110351562,
                "h": 55.41105651855469,
                "theta": 109.94902229309082
            },
            "height": 962,
            "width": 659
        },
        {
            "geometryType": "obb",
            "obb": {
                "xc": 208.00506591796875,
                "yc": 339.576171875,
                "w": 148.00338745117188,
                "h": 50.38087844848633,
                "theta": 157.77037811279297
            },
            "height": 962,
            "width": 659
        },
        {
            "geometryType": "obb",
            "obb": {
                "xc": 372.0716247558594,
                "yc": 349.169677734375,
                "w": 177.5333709716797,
                "h": 53.78537368774414,
                "theta": 27.057554244995117
            },
            "height": 962,
            "width": 659
        }
    ]
}