{
    "objects": [
        {
            "geometryType": "obb",
            "obb": {
                "xc": 338.4999694824219,
                "yc": 550.9999389648438,
                "w": 54.99999237060547,
                "h": 19.999996185302734,
                "theta": 0.0
            },
            "height": 1017,
            "width": 684
        },
        {
            "geometryType": "obb",
            "obb": {
                "xc": 280.5,
                "yc": 552.0,
                "w": 35.0,
                "h": 18.0,
                "theta": 180.0
            },
            "height": 1017,
            "width": 684
        },
        {
            "geometryType": "obb",
            "obb": {
                "xc": 321.7044677734375,
                "yc": 488.5517578125,
                "w": 329.23699951171875,
                "h": 67.11832427978516,
                "theta": 178.83482360839844
            },
            "height": 1017,
            "width": 684
        },
        {
            "geometryType": "obb",
            "obb": {
                "xc": 319.7869873046875,
                "yc": 617.2883911132812,
                "w": 177.02508544921875,
                "h": 49.444026947021484,
                "theta": 1.080924153327942
            },
            "height": 1017,
            "width": 684
        }
    ]
}