{
    "objects": [
        {
            "geometryType": "obb",
            "obb": {
                "xc": 157.5,
                "yc": 545.5,
                "w": 33.0,
                "h": 19.0,
                "theta": 180.0
            },
            "height": 875,
            "width": 642
        },
        {
            "geometryType": "obb",
            "obb": {
                "xc": 234.0226287841797,
                "yc": 122.1207504272461,
                "w": 207.75460815429688,
                "h": 111.31027221679688,
                "theta": 169.3803482055664
            },
            "height": 875,
            "width": 642
        },
        {
            "geometryType": "obb",
            "obb": {
                "xc": 420.1647033691406,
                "yc": 144.08596801757812,
                "w": 161.506591796875,
                "h": 76.37529754638672,
                "theta": 25.177536010742188
            },
            "height": 875,
            "width": 642
        }
    ]
}