{
    "objects": [
        {
            "geometryType": "obb",
            "obb": {
                "xc": 169.94503784179688,
                "yc": 41.90629959106445,
                "w": 140.70716857910156,
                "h": 41.84725570678711,
                "theta": 4.594253063201904
            },
            "height": 320,
            "width": 320
        },
        {
            "geometryType": "obb",
            "obb": {
                "xc": 162.6080322265625,
                "yc": 202.71710205078125,
                "w": 297.6600036621094,
                "h": 184.44845581054688,
                "theta": 1.354715347290039
            },
            "height": 320,
            "width": 320
        }
    ]
}