{
    "objects": [
        {
            "geometryType": "obb",
            "obb": {
                "xc": 296.3255920410156,
                "yc": 392.68695068359375,
                "w": 151.72561645507812,
                "h": 73.36931610107422,
                "theta": 12.757532119750977
            },
            "height": 999,
            "width": 652
        },
        {
            "geometryType": "obb",
            "obb": {
                "xc": 221.6807403564453,
                "yc": 514.1708984375,
                "w": 216.71116638183594,
                "h": 59.7296257019043,
                "theta": 78.62289428710938
            },
            "height": 999,
            "width": 652
        },
        {
            "geometryType": "obb",
            "obb": {
                "xc": 315.1641540527344,
                "yc": 608.2832641601562,
                "w": 80.2796630859375,
                "h": 51.51997375488281,
                "theta": 173.5411834716797
            },
            "height": 999,
            "width": 652
        },
        {
            "geometryType": "obb",
            "obb": {
                "xc": 375.82562255859375,
                "yc": 526.3008422851562,
                "w": 144.7790985107422,
                "h": 40.48321533203125,
                "theta": 95.98059940338135
            },
            "height": 999,
            "width": 652
        }
    ]
}