{
    "objects": [
        {
            "geometryType": "obb",
            "obb": {
                "xc": 424.5,
                "yc": 371.0,
                "w": 327.0,
                "h": 88.0,
                "theta": 180.0
            },
            "height": 500,
            "width": 794
        },
        {
            "geometryType": "obb",
            "obb": {
                "xc": 425.4999694824219,
                "yc": 295.4999694824219,
                "w": 122.99998474121094,
                "h": 42.99999237060547,
                "theta": 0.0
            },
            "height": 500,
            "width": 794
        },
        {
            "geometryType": "obb",
            "obb": {
                "xc": 400.3548583984375,
                "yc": 251.3463897705078,
                "w": 193.23118591308594,
                "h": 44.66626739501953,
                "theta": 172.5394287109375
            },
            "height": 500,
            "width": 794
        },
        {
            "geometryType": "obb",
            "obb": {
                "xc": 519.4075927734375,
                "yc": 255.08599853515625,
                "w": 54.74876403808594,
                "h": 31.843669891357422,
                "theta": 28.610462188720703
            },
            "height": 500,
            "width": 794
        }
    ]
}