{
    "objects": [
        {
            "geometryType": "obb",
            "obb": {
                "xc": 973.9378662109375,
                "yc": 423.17803955078125,
                "w": 672.5693969726562,
                "h": 371.7259216308594,
                "theta": 166.16600799560547
            },
            "height": 1182,
            "width": 1574
        },
        {
            "geometryType": "obb",
            "obb": {
                "xc": 1050.736083984375,
                "yc": 928.2437744140625,
                "w": 524.44140625,
                "h": 232.77359008789062,
                "theta": 176.21495056152344
            },
            "height": 1182,
            "width": 1574
        }
    ]
}