{
    "objects": [
        {
            "geometryType": "obb",
            "obb": {
                "xc": 526.8814086914062,
                "yc": 370.3288269042969,
                "w": 804.469482421875,
                "h": 506.6357116699219,
                "theta": 15.991528511047363
            },
            "height": 851,
            "width": 1280
        },
        {
            "geometryType": "obb",
            "obb": {
                "xc": 742.9130249023438,
                "yc": 69.27731323242188,
                "w": 166.20738220214844,
                "h": 70.3291015625,
                "theta": 142.46056365966797
            },
            "height": 851,
            "width": 1280
        },
        {
            "geometryType": "obb",
            "obb": {
                "xc": 781.04443359375,
                "yc": 125.3431167602539,
                "w": 98.76395416259766,
                "h": 97.08197021484375,
                "theta": 59.281097412109375
            },
            "height": 851,
            "width": 1280
        }
    ]
}