{
    "objects": [
        {
            "geometryType": "obb",
            "obb": {
                "xc": 237.841064453125,
                "yc": 307.01336669921875,
                "w": 241.0172576904297,
                "h": 47.96221160888672,
                "theta": 0.9093804955482483
            },
            "height": 509,
            "width": 500
        },
        {
            "geometryType": "obb",
            "obb": {
                "xc": 189.69447326660156,
                "yc": 121.66984558105469,
                "w": 125.0973892211914,
                "h": 46.03916931152344,
                "theta": 179.40319061279297
            },
            "height": 509,
            "width": 500
        },
        {
            "geometryType": "obb",
            "obb": {
                "xc": 309.42071533203125,
                "yc": 125.11740112304688,
                "w": 98.3132095336914,
                "h": 46.457420349121094,
                "theta": 15.592809677124023
            },
            "height": 509,
            "width": 500
        },
        {
            "geometryType": "obb",
            "obb": {
                "xc": 241.02598571777344,
                "yc": 224.7506561279297,
                "w": 435.95654296875,
                "h": 161.48890686035156,
                "theta": 179.82998657226562
            },
            "height": 509,
            "width": 500
        }
    ]
}