{
    "objects": [
        {
            "geometryType": "obb",
            "obb": {
                "xc": 439.259521484375,
                "yc": 217.86622619628906,
                "w": 213.8190460205078,
                "h": 75.24020385742188,
                "theta": 6.155168533325195
            },
            "height": 1124,
            "width": 760
        },
        {
            "geometryType": "obb",
            "obb": {
                "xc": 290.318359375,
                "yc": 308.37115478515625,
                "w": 334.6162109375,
                "h": 39.29613494873047,
                "theta": 4.381037712097168
            },
            "height": 1124,
            "width": 760
        },
        {
            "geometryType": "obb",
            "obb": {
                "xc": 602.9102783203125,
                "yc": 326.9032287597656,
                "w": 230.42567443847656,
                "h": 35.87273406982422,
                "theta": 3.483271360397339
            },
            "height": 1124,
            "width": 760
        }
    ]
}