{
    "objects": [
        {
            "geometryType": "obb",
            "obb": {
                "xc": 490.33349609375,
                "yc": 451.7353515625,
                "w": 271.0293273925781,
                "h": 82.53990173339844,
                "theta": 179.22227478027344
            },
            "height": 720,
            "width": 1280
        }
    ]
}