{
    "objects": [
        {
            "geometryType": "obb",
            "obb": {
                "xc": 628.7924194335938,
                "yc": 379.2264404296875,
                "w": 108.76681518554688,
                "h": 70.8895492553711,
                "theta": 177.51044464111328
            },
            "height": 609,
            "width": 1080
        },
        {
            "geometryType": "obb",
            "obb": {
                "xc": 782.6942749023438,
                "yc": 383.8897399902344,
                "w": 169.26058959960938,
                "h": 67.75135040283203,
                "theta": 11.381463050842285
            },
            "height": 609,
            "width": 1080
        },
        {
            "geometryType": "obb",
            "obb": {
                "xc": 189.5,
                "yc": 133.5,
                "w": 39.805503845214844,
                "h": 22.322689056396484,
                "theta": 159.77513122558594
            },
            "height": 609,
            "width": 1080
        }
    ]
}