{
    "objects": [
        {
            "geometryType": "obb",
            "obb": {
                "xc": 294.7945251464844,
                "yc": 346.5479736328125,
                "w": 67.18163299560547,
                "h": 21.30149269104004,
                "theta": 20.556045532226562
            },
            "height": 647,
            "width": 584
        },
        {
            "geometryType": "obb",
            "obb": {
                "xc": 241.9391632080078,
                "yc": 349.4462890625,
                "w": 35.47697830200195,
                "h": 17.13340950012207,
                "theta": 142.76516342163086
            },
            "height": 647,
            "width": 584
        },
        {
            "geometryType": "obb",
            "obb": {
                "xc": 236.00001525878906,
                "yc": 414.5000305175781,
                "w": 31.16734504699707,
                "h": 13.175599098205566,
                "theta": 3.9451863765716553
            },
            "height": 647,
            "width": 584
        },
        {
            "geometryType": "obb",
            "obb": {
                "xc": 293.99749755859375,
                "yc": 417.03948974609375,
                "w": 65.36046600341797,
                "h": 12.245185852050781,
                "theta": 3.6329503059387207
            },
            "height": 647,
            "width": 584
        }
    ]
}