{
    "objects": [
        {
            "geometryType": "obb",
            "obb": {
                "xc": 222.323974609375,
                "yc": 206.7611083984375,
                "w": 216.0563201904297,
                "h": 83.4940414428711,
                "theta": 1.1088120937347412
            },
            "height": 1200,
            "width": 900
        },
        {
            "geometryType": "obb",
            "obb": {
                "xc": 221.11737060546875,
                "yc": 380.6866455078125,
                "w": 243.94033813476562,
                "h": 100.54423522949219,
                "theta": 1.5234649181365967
            },
            "height": 1200,
            "width": 900
        },
        {
            "geometryType": "obb",
            "obb": {
                "xc": 671.5869750976562,
                "yc": 595.3250732421875,
                "w": 109.28077697753906,
                "h": 36.481849670410156,
                "theta": 176.66614532470703
            },
            "height": 1200,
            "width": 900
        }
    ]
}