{
    "objects": [
        {
            "geometryType": "obb",
            "obb": {
                "xc": 404.875732421875,
                "yc": 246.5081024169922,
                "w": 420.0693664550781,
                "h": 106.99369812011719,
                "theta": 179.71495056152344
            },
            "height": 552,
            "width": 736
        }
    ]
}