{
    "objects": [
        {
            "geometryType": "obb",
            "obb": {
                "xc": 762.3135986328125,
                "yc": 238.27163696289062,
                "w": 909.7650756835938,
                "h": 284.6811828613281,
                "theta": 160.99637603759766
            },
            "height": 1608,
            "width": 2432
        },
        {
            "geometryType": "obb",
            "obb": {
                "xc": 1728.982666015625,
                "yc": 251.45355224609375,
                "w": 895.1288452148438,
                "h": 295.3716735839844,
                "theta": 22.867055892944336
            },
            "height": 1608,
            "width": 2432
        },
        {
            "geometryType": "obb",
            "obb": {
                "xc": 1223.6265869140625,
                "yc": 1357.6619873046875,
                "w": 1558.5098876953125,
                "h": 432.65081787109375,
                "theta": 179.52542114257812
            },
            "height": 1608,
            "width": 2432
        }
    ]
}