{
    "objects": [
        {
            "geometryType": "obb",
            "obb": {
                "xc": 379.0,
                "yc": 201.0,
                "w": 112.0,
                "h": 62.0,
                "theta": 180.0
            },
            "height": 986,
            "width": 675
        },
        {
            "geometryType": "obb",
            "obb": {
                "xc": 319.9310302734375,
                "yc": 124.97950744628906,
                "w": 320.0278625488281,
                "h": 85.98681640625,
                "theta": 0.41668927669525146
            },
            "height": 986,
            "width": 675
        },
        {
            "geometryType": "obb",
            "obb": {
                "xc": 244.95306396484375,
                "yc": 205.71339416503906,
                "w": 105.01903533935547,
                "h": 57.437198638916016,
                "theta": 1.0912162065505981
            },
            "height": 986,
            "width": 675
        }
    ]
}