{
    "objects": [
        {
            "geometryType": "obb",
            "obb": {
                "xc": 155.8562469482422,
                "yc": 56.400726318359375,
                "w": 331.87811279296875,
                "h": 87.55796813964844,
                "theta": 156.56519317626953
            },
            "height": 375,
            "width": 500
        },
        {
            "geometryType": "obb",
            "obb": {
                "xc": 417.0237121582031,
                "yc": 73.57835388183594,
                "w": 211.0093994140625,
                "h": 71.15380859375,
                "theta": 39.47246170043945
            },
            "height": 375,
            "width": 500
        },
        {
            "geometryType": "obb",
            "obb": {
                "xc": 248.5,
                "yc": 323.0,
                "w": 477.0,
                "h": 102.0,
                "theta": -0.0
            },
            "height": 375,
            "width": 500
        }
    ]
}