{
    "objects": [
        {
            "geometryType": "obb",
            "obb": {
                "xc": 166.06619262695312,
                "yc": 32.24163818359375,
                "w": 321.9952697753906,
                "h": 51.48572540283203,
                "theta": 0.17849096655845642
            },
            "height": 254,
            "width": 373
        },
        {
            "geometryType": "obb",
            "obb": {
                "xc": 165.49996948242188,
                "yc": 184.49998474121094,
                "w": 142.99996948242188,
                "h": 48.99999237060547,
                "theta": -0.0
            },
            "height": 254,
            "width": 373
        },
        {
            "geometryType": "obb",
            "obb": {
                "xc": 114.96675109863281,
                "yc": 236.29568481445312,
                "w": 72.2654037475586,
                "h": 17.256303787231445,
                "theta": 1.060911774635315
            },
            "height": 254,
            "width": 373
        },
        {
            "geometryType": "obb",
            "obb": {
                "xc": 202.38671875,
                "yc": 237.8171844482422,
                "w": 93.01922607421875,
                "h": 16.28814697265625,
                "theta": 0.8303155303001404
            },
            "height": 254,
            "width": 373
        }
    ]
}