{
    "objects": [
        {
            "geometryType": "obb",
            "obb": {
                "xc": 218.51327514648438,
                "yc": 83.89166259765625,
                "w": 142.46197509765625,
                "h": 42.082244873046875,
                "theta": 163.77263641357422
            },
            "height": 428,
            "width": 639
        },
        {
            "geometryType": "obb",
            "obb": {
                "xc": 361.50921630859375,
                "yc": 78.30010223388672,
                "w": 131.96942138671875,
                "h": 34.537296295166016,
                "theta": 10.939091682434082
            },
            "height": 428,
            "width": 639
        },
        {
            "geometryType": "obb",
            "obb": {
                "xc": 228.0,
                "yc": 346.0,
                "w": 52.0,
                "h": 14.0,
                "theta": 90.0
            },
            "height": 428,
            "width": 639
        }
    ]
}