{
    "objects": [
        {
            "geometryType": "obb",
            "obb": {
                "xc": 1182.8841552734375,
                "yc": 573.472412109375,
                "w": 1208.53271484375,
                "h": 418.60626220703125,
                "theta": 1.8452308177947998
            },
            "height": 2298,
            "width": 2511
        },
        {
            "geometryType": "obb",
            "obb": {
                "xc": 1185.5,
                "yc": 720.5,
                "w": 309.0,
                "h": 129.0,
                "theta": -0.0
            },
            "height": 2298,
            "width": 2511
        },
        {
            "geometryType": "obb",
            "obb": {
                "xc": 2422.999755859375,
                "yc": 519.5,
                "w": 191.6611785888672,
                "h": 152.71868896484375,
                "theta": 89.01223754882812
            },
            "height": 2298,
            "width": 2511
        }
    ]
}