{
    "objects": [
        {
            "geometryType": "obb",
            "obb": {
                "xc": 213.5,
                "yc": 113.5,
                "w": 93.0,
                "h": 31.0,
                "theta": 180.0
            },
            "height": 413,
            "width": 550
        },
        {
            "geometryType": "obb",
            "obb": {
                "xc": 119.9756851196289,
                "yc": 96.33330535888672,
                "w": 115.54891967773438,
                "h": 42.092681884765625,
                "theta": 156.87348175048828
            },
            "height": 413,
            "width": 550
        },
        {
            "geometryType": "obb",
            "obb": {
                "xc": 220.4129638671875,
                "yc": 70.15331268310547,
                "w": 89.13978576660156,
                "h": 41.67915344238281,
                "theta": 3.012787342071533
            },
            "height": 413,
            "width": 550
        },
        {
            "geometryType": "obb",
            "obb": {
                "xc": 322.2413635253906,
                "yc": 88.89654541015625,
                "w": 107.33190155029297,
                "h": 43.45270538330078,
                "theta": 21.801410675048828
            },
            "height": 413,
            "width": 550
        }
    ]
}