{
    "objects": [
        {
            "geometryType": "obb",
            "obb": {
                "xc": 209.94569396972656,
                "yc": 81.40638732910156,
                "w": 128.02615356445312,
                "h": 46.886287689208984,
                "theta": 134.61547088623047
            },
            "height": 486,
            "width": 641
        },
        {
            "geometryType": "obb",
            "obb": {
                "xc": 391.28424072265625,
                "yc": 70.10565185546875,
                "w": 108.16609954833984,
                "h": 46.23501968383789,
                "theta": 45.473506927490234
            },
            "height": 486,
            "width": 641
        }
    ]
}