{
    "objects": [
        {
            "geometryType": "obb",
            "obb": {
                "xc": 721.2198486328125,
                "yc": 366.75909423828125,
                "w": 943.0250244140625,
                "h": 267.49395751953125,
                "theta": 179.49424743652344
            },
            "height": 1057,
            "width": 1460
        },
        {
            "geometryType": "obb",
            "obb": {
                "xc": 463.5,
                "yc": 512.0,
                "w": 145.0,
                "h": 68.0,
                "theta": 0.0
            },
            "height": 1057,
            "width": 1460
        },
        {
            "geometryType": "obb",
            "obb": {
                "xc": 976.8766479492188,
                "yc": 513.2772827148438,
                "w": 175.04591369628906,
                "h": 68.54719543457031,
                "theta": 179.34146118164062
            },
            "height": 1057,
            "width": 1460
        },
        {
            "geometryType": "obb",
            "obb": {
                "xc": 719.762939453125,
                "yc": 665.7559814453125,
                "w": 904.160400390625,
                "h": 254.51182556152344,
                "theta": 0.6705312132835388
            },
            "height": 1057,
            "width": 1460
        }
    ]
}