{
    "objects": [
        {
            "geometryType": "obb",
            "obb": {
                "xc": 258.5,
                "yc": 264.0,
                "w": 21.0,
                "h": 10.0,
                "theta": 180.0
            },
            "height": 450,
            "width": 800
        },
        {
            "geometryType": "obb",
            "obb": {
                "xc": 258.9098205566406,
                "yc": 186.73121643066406,
                "w": 76.00595092773438,
                "h": 25.46173667907715,
                "theta": 0.9877604246139526
            },
            "height": 450,
            "width": 800
        },
        {
            "geometryType": "obb",
            "obb": {
                "xc": 258.0334777832031,
                "yc": 205.429931640625,
                "w": 49.04079818725586,
                "h": 22.878910064697266,
                "theta": 2.337306022644043
            },
            "height": 450,
            "width": 800
        },
        {
            "geometryType": "obb",
            "obb": {
                "xc": 261.52978515625,
                "yc": 224.8692169189453,
                "w": 39.35478973388672,
                "h": 15.2315673828125,
                "theta": 1.5074357986450195
            },
            "height": 450,
            "width": 800
        }
    ]
}