{
    "objects": [
        {
            "geometryType": "obb",
            "obb": {
                "xc": 464.33428955078125,
                "yc": 428.1690979003906,
                "w": 146.92138671875,
                "h": 48.86695098876953,
                "theta": 158.36911010742188
            },
            "height": 1280,
            "width": 959
        },
        {
            "geometryType": "obb",
            "obb": {
                "xc": 610.3021850585938,
                "yc": 426.6822814941406,
                "w": 124.75871276855469,
                "h": 60.006324768066406,
                "theta": 23.106325149536133
            },
            "height": 1280,
            "width": 959
        },
        {
            "geometryType": "obb",
            "obb": {
                "xc": 403.7516784667969,
                "yc": 608.4262084960938,
                "w": 112.64439392089844,
                "h": 52.75853729248047,
                "theta": 34.99202346801758
            },
            "height": 1280,
            "width": 959
        },
        {
            "geometryType": "obb",
            "obb": {
                "xc": 577.17919921875,
                "yc": 625.3929443359375,
                "w": 242.11805725097656,
                "h": 73.98573303222656,
                "theta": 167.34149169921875
            },
            "height": 1280,
            "width": 959
        }
    ]
}