{
    "objects": [
        {
            "geometryType": "obb",
            "obb": {
                "xc": 258.0,
                "yc": 97.49999237060547,
                "w": 121.99998474121094,
                "h": 28.999996185302734,
                "theta": -0.0
            },
            "height": 505,
            "width": 500
        },
        {
            "geometryType": "obb",
            "obb": {
                "xc": 260.0918884277344,
                "yc": 58.73899841308594,
                "w": 151.956298828125,
                "h": 49.47505187988281,
                "theta": 0.4476141631603241
            },
            "height": 505,
            "width": 500
        },
        {
            "geometryType": "obb",
            "obb": {
                "xc": 57.50000762939453,
                "yc": 263.5,
                "w": 106.02838134765625,
                "h": 52.99038314819336,
                "theta": 88.90878295898438
            },
            "height": 505,
            "width": 500
        },
        {
            "geometryType": "obb",
            "obb": {
                "xc": 446.50457763671875,
                "yc": 260.1680603027344,
                "w": 110.958740234375,
                "h": 52.035194396972656,
                "theta": 88.4377670288086
            },
            "height": 505,
            "width": 500
        }
    ]
}