{
    "objects": [
        {
            "geometryType": "obb",
            "obb": {
                "xc": 191.42701721191406,
                "yc": 596.6901245117188,
                "w": 182.01206970214844,
                "h": 63.317195892333984,
                "theta": 8.775056838989258
            },
            "height": 990,
            "width": 673
        },
        {
            "geometryType": "obb",
            "obb": {
                "xc": 82.0,
                "yc": 927.0,
                "w": 126.0,
                "h": 36.0,
                "theta": 0.0
            },
            "height": 990,
            "width": 673
        },
        {
            "geometryType": "obb",
            "obb": {
                "xc": 152.59031677246094,
                "yc": 968.506591796875,
                "w": 277.00726318359375,
                "h": 25.0137882232666,
                "theta": 179.58631896972656
            },
            "height": 990,
            "width": 673
        }
    ]
}