{
    "objects": [
        {
            "geometryType": "obb",
            "obb": {
                "xc": 276.12384033203125,
                "yc": 401.00262451171875,
                "w": 74.44833374023438,
                "h": 27.56020164489746,
                "theta": 158.0254898071289
            },
            "height": 743,
            "width": 626
        },
        {
            "geometryType": "obb",
            "obb": {
                "xc": 350.6643371582031,
                "yc": 402.6173095703125,
                "w": 70.57595825195312,
                "h": 26.15811538696289,
                "theta": 20.89776611328125
            },
            "height": 743,
            "width": 626
        },
        {
            "geometryType": "obb",
            "obb": {
                "xc": 311.4737548828125,
                "yc": 499.24212646484375,
                "w": 129.05224609375,
                "h": 35.49078369140625,
                "theta": 179.5379409790039
            },
            "height": 743,
            "width": 626
        }
    ]
}