{
    "objects": [
        {
            "geometryType": "obb",
            "obb": {
                "xc": 118.94359588623047,
                "yc": 189.3041229248047,
                "w": 149.16915893554688,
                "h": 25.53857421875,
                "theta": 163.9400177001953
            },
            "height": 450,
            "width": 337
        },
        {
            "geometryType": "obb",
            "obb": {
                "xc": 177.5,
                "yc": 56.0,
                "w": 100.0,
                "h": 21.0,
                "theta": 90.0
            },
            "height": 450,
            "width": 337
        },
        {
            "geometryType": "obb",
            "obb": {
                "xc": 256.8734130859375,
                "yc": 196.43026733398438,
                "w": 122.76441955566406,
                "h": 19.208927154541016,
                "theta": 23.657995223999023
            },
            "height": 450,
            "width": 337
        }
    ]
}