{
    "objects": [
        {
            "geometryType": "obb",
            "obb": {
                "xc": 317.0,
                "yc": 546.0,
                "w": 174.0,
                "h": 62.0,
                "theta": 0.0
            },
            "height": 887,
            "width": 662
        },
        {
            "geometryType": "obb",
            "obb": {
                "xc": 325.5877685546875,
                "yc": 722.2496948242188,
                "w": 393.0391845703125,
                "h": 131.5088348388672,
                "theta": 179.8186798095703
            },
            "height": 887,
            "width": 662
        }
    ]
}