{
    "objects": [
        {
            "geometryType": "obb",
            "obb": {
                "xc": 646.0657958984375,
                "yc": 549.333984375,
                "w": 467.7402038574219,
                "h": 199.11048889160156,
                "theta": 173.94580078125
            },
            "height": 1600,
            "width": 1200
        }
    ]
}