{
    "objects": [
        {
            "geometryType": "obb",
            "obb": {
                "xc": 350.6872253417969,
                "yc": 452.713134765625,
                "w": 188.8580322265625,
                "h": 31.74656867980957,
                "theta": 159.25840759277344
            },
            "height": 768,
            "width": 1024
        },
        {
            "geometryType": "obb",
            "obb": {
                "xc": 597.610107421875,
                "yc": 448.95361328125,
                "w": 290.4115295410156,
                "h": 46.70466613769531,
                "theta": 16.600013732910156
            },
            "height": 768,
            "width": 1024
        },
        {
            "geometryType": "obb",
            "obb": {
                "xc": 493.2894592285156,
                "yc": 365.1313781738281,
                "w": 129.09686279296875,
                "h": 40.76784133911133,
                "theta": 2.2196555137634277
            },
            "height": 768,
            "width": 1024
        },
        {
            "geometryType": "obb",
            "obb": {
                "xc": 562.0164184570312,
                "yc": 598.64453125,
                "w": 52.27878952026367,
                "h": 15.708632469177246,
                "theta": 1.1017061471939087
            },
            "height": 768,
            "width": 1024
        }
    ]
}