{
    "objects": [
        {
            "geometryType": "obb",
            "obb": {
                "xc": 232.3474884033203,
                "yc": 118.65870666503906,
                "w": 212.88449096679688,
                "h": 91.42716217041016,
                "theta": 140.10648727416992
            },
            "height": 633,
            "width": 653
        },
        {
            "geometryType": "obb",
            "obb": {
                "xc": 427.70916748046875,
                "yc": 117.4356689453125,
                "w": 204.40232849121094,
                "h": 93.87957000732422,
                "theta": 38.769676208496094
            },
            "height": 633,
            "width": 653
        },
        {
            "geometryType": "obb",
            "obb": {
                "xc": 179.44822692871094,
                "yc": 384.04840087890625,
                "w": 231.83258056640625,
                "h": 91.11722564697266,
                "theta": 56.402496337890625
            },
            "height": 633,
            "width": 653
        },
        {
            "geometryType": "obb",
            "obb": {
                "xc": 456.92864990234375,
                "yc": 370.4494323730469,
                "w": 252.8717498779297,
                "h": 87.56968688964844,
                "theta": 130.50284576416016
            },
            "height": 633,
            "width": 653
        }
    ]
}