{
    "objects": [
        {
            "geometryType": "obb",
            "obb": {
                "xc": 445.2823181152344,
                "yc": 424.3143005371094,
                "w": 779.2747802734375,
                "h": 215.52352905273438,
                "theta": 157.6065216064453
            },
            "height": 875,
            "width": 1600
        },
        {
            "geometryType": "obb",
            "obb": {
                "xc": 1000.8369140625,
                "yc": 335.94903564453125,
                "w": 219.97515869140625,
                "h": 140.30357360839844,
                "theta": 9.327614784240723
            },
            "height": 875,
            "width": 1600
        },
        {
            "geometryType": "obb",
            "obb": {
                "xc": 1328.064208984375,
                "yc": 450.250244140625,
                "w": 367.43377685546875,
                "h": 141.995361328125,
                "theta": 28.36261749267578
            },
            "height": 875,
            "width": 1600
        },
        {
            "geometryType": "obb",
            "obb": {
                "xc": 861.8914794921875,
                "yc": 581.00244140625,
                "w": 650.000732421875,
                "h": 140.99522399902344,
                "theta": 179.91184997558594
            },
            "height": 875,
            "width": 1600
        }
    ]
}