{
    "objects": [
        {
            "geometryType": "obb",
            "obb": {
                "xc": 418.0437316894531,
                "yc": 332.2398681640625,
                "w": 127.34662628173828,
                "h": 51.29239273071289,
                "theta": 161.2413558959961
            },
            "height": 500,
            "width": 520
        },
        {
            "geometryType": "obb",
            "obb": {
                "xc": 425.04473876953125,
                "yc": 361.16998291015625,
                "w": 70.44221496582031,
                "h": 40.32923126220703,
                "theta": 168.27488708496094
            },
            "height": 500,
            "width": 520
        },
        {
            "geometryType": "obb",
            "obb": {
                "xc": 420.4479675292969,
                "yc": 400.4337463378906,
                "w": 106.5555419921875,
                "h": 26.56938362121582,
                "theta": 6.842772960662842
            },
            "height": 500,
            "width": 520
        }
    ]
}