{
    "objects": [
        {
            "geometryType": "obb",
            "obb": {
                "xc": 206.83944702148438,
                "yc": 429.17901611328125,
                "w": 257.12603759765625,
                "h": 77.59540557861328,
                "theta": 87.59402465820312
            },
            "height": 838,
            "width": 960
        },
        {
            "geometryType": "obb",
            "obb": {
                "xc": 458.210693359375,
                "yc": 169.80113220214844,
                "w": 319.50189208984375,
                "h": 69.35082244873047,
                "theta": 174.76919555664062
            },
            "height": 838,
            "width": 960
        },
        {
            "geometryType": "obb",
            "obb": {
                "xc": 546.2609252929688,
                "yc": 686.0127563476562,
                "w": 352.4383239746094,
                "h": 83.47187805175781,
                "theta": 174.07357025146484
            },
            "height": 838,
            "width": 960
        },
        {
            "geometryType": "obb",
            "obb": {
                "xc": 781.4742431640625,
                "yc": 376.9564208984375,
                "w": 175.45248413085938,
                "h": 53.16046142578125,
                "theta": 76.71981048583984
            },
            "height": 838,
            "width": 960
        }
    ]
}