{
    "objects": [
        {
            "geometryType": "obb",
            "obb": {
                "xc": 653.6406860351562,
                "yc": 465.875732421875,
                "w": 379.034423828125,
                "h": 236.10951232910156,
                "theta": 172.51496124267578
            },
            "height": 2448,
            "width": 3264
        },
        {
            "geometryType": "obb",
            "obb": {
                "xc": 1488.53515625,
                "yc": 403.11212158203125,
                "w": 1106.542724609375,
                "h": 238.2797393798828,
                "theta": 179.3764877319336
            },
            "height": 2448,
            "width": 3264
        },
        {
            "geometryType": "obb",
            "obb": {
                "xc": 2200.888916015625,
                "yc": 422.92669677734375,
                "w": 194.2067108154297,
                "h": 174.78604125976562,
                "theta": 6.842772960662842
            },
            "height": 2448,
            "width": 3264
        },
        {
            "geometryType": "obb",
            "obb": {
                "xc": 2685.5,
                "yc": 450.5,
                "w": 639.9761962890625,
                "h": 202.58428955078125,
                "theta": 9.267082214355469
            },
            "height": 2448,
            "width": 3264
        }
    ]
}