{
    "objects": [
        {
            "geometryType": "obb",
            "obb": {
                "xc": 456.9552917480469,
                "yc": 550.3480224609375,
                "w": 171.61354064941406,
                "h": 39.07707977294922,
                "theta": 155.14476776123047
            },
            "height": 1080,
            "width": 810
        },
        {
            "geometryType": "obb",
            "obb": {
                "xc": 570.877685546875,
                "yc": 452.3246765136719,
                "w": 94.12162780761719,
                "h": 31.271848678588867,
                "theta": 127.7468032836914
            },
            "height": 1080,
            "width": 810
        },
        {
            "geometryType": "obb",
            "obb": {
                "xc": 350.93768310546875,
                "yc": 292.512939453125,
                "w": 366.9649963378906,
                "h": 222.92349243164062,
                "theta": 90.79132783412933
            },
            "height": 1080,
            "width": 810
        }
    ]
}