{
    "objects": [
        {
            "geometryType": "obb",
            "obb": {
                "xc": 343.0,
                "yc": 491.5,
                "w": 182.0,
                "h": 33.0,
                "theta": 180.0
            },
            "height": 882,
            "width": 650
        },
        {
            "geometryType": "obb",
            "obb": {
                "xc": 340.0,
                "yc": 539.5,
                "w": 96.0,
                "h": 37.0,
                "theta": 180.0
            },
            "height": 882,
            "width": 650
        },
        {
            "geometryType": "obb",
            "obb": {
                "xc": 217.65414428710938,
                "yc": 302.50091552734375,
                "w": 248.5677490234375,
                "h": 81.52218627929688,
                "theta": 161.03780364990234
            },
            "height": 882,
            "width": 650
        },
        {
            "geometryType": "obb",
            "obb": {
                "xc": 470.4737548828125,
                "yc": 306.651123046875,
                "w": 234.19493103027344,
                "h": 75.65835571289062,
                "theta": 21.16126251220703
            },
            "height": 882,
            "width": 650
        }
    ]
}