{
    "objects": [
        {
            "geometryType": "obb",
            "obb": {
                "xc": 686.4892578125,
                "yc": 606.89013671875,
                "w": 373.1613464355469,
                "h": 146.05477905273438,
                "theta": 1.569354772567749
            },
            "height": 1067,
            "width": 1600
        }
    ]
}