{
    "objects": [
        {
            "geometryType": "obb",
            "obb": {
                "xc": 204.40890502929688,
                "yc": 496.3399353027344,
                "w": 211.18508911132812,
                "h": 50.34916687011719,
                "theta": 169.54009246826172
            },
            "height": 856,
            "width": 565
        },
        {
            "geometryType": "obb",
            "obb": {
                "xc": 410.71893310546875,
                "yc": 504.9135437011719,
                "w": 117.63435363769531,
                "h": 39.848636627197266,
                "theta": 17.102725982666016
            },
            "height": 856,
            "width": 565
        }
    ]
}