{
    "objects": [
        {
            "geometryType": "obb",
            "obb": {
                "xc": 441.5197448730469,
                "yc": 249.11224365234375,
                "w": 37.935935974121094,
                "h": 26.17214584350586,
                "theta": 133.1523895263672
            },
            "height": 478,
            "width": 637
        },
        {
            "geometryType": "obb",
            "obb": {
                "xc": 473.5449523925781,
                "yc": 246.02809143066406,
                "w": 39.96192169189453,
                "h": 24.485952377319336,
                "theta": 32.00538635253906
            },
            "height": 478,
            "width": 637
        },
        {
            "geometryType": "obb",
            "obb": {
                "xc": 457.0,
                "yc": 294.0,
                "w": 66.0,
                "h": 26.0,
                "theta": 0.0
            },
            "height": 478,
            "width": 637
        }
    ]
}