{
    "objects": [
        {
            "geometryType": "obb",
            "obb": {
                "xc": 453.44464111328125,
                "yc": 305.4443359375,
                "w": 482.5454406738281,
                "h": 202.7396240234375,
                "theta": 178.8157501220703
            },
            "height": 1280,
            "width": 960
        },
        {
            "geometryType": "obb",
            "obb": {
                "xc": 331.9951171875,
                "yc": 656.2957153320312,
                "w": 203.4344482421875,
                "h": 77.03132629394531,
                "theta": 32.67222595214844
            },
            "height": 1280,
            "width": 960
        },
        {
            "geometryType": "obb",
            "obb": {
                "xc": 496.9324951171875,
                "yc": 688.8436889648438,
                "w": 107.0517349243164,
                "h": 67.44290161132812,
                "theta": 151.46001815795898
            },
            "height": 1280,
            "width": 960
        }
    ]
}