{
    "objects": [
        {
            "geometryType": "obb",
            "obb": {
                "xc": 576.4999389648438,
                "yc": 709.9999389648438,
                "w": 40.99999237060547,
                "h": 11.999998092651367,
                "theta": -0.0
            },
            "height": 916,
            "width": 649
        },
        {
            "geometryType": "obb",
            "obb": {
                "xc": 316.4349060058594,
                "yc": 411.24932861328125,
                "w": 105.01514434814453,
                "h": 28.488039016723633,
                "theta": 0.5968095064163208
            },
            "height": 916,
            "width": 649
        }
    ]
}