{
    "objects": [
        {
            "geometryType": "obb",
            "obb": {
                "xc": 168.54312133789062,
                "yc": 157.76724243164062,
                "w": 142.46749877929688,
                "h": 76.1577377319336,
                "theta": 156.80140686035156
            },
            "height": 408,
            "width": 651
        },
        {
            "geometryType": "obb",
            "obb": {
                "xc": 174.85345458984375,
                "yc": 182.49139404296875,
                "w": 62.895790100097656,
                "h": 28.362194061279297,
                "theta": 156.80140686035156
            },
            "height": 408,
            "width": 651
        },
        {
            "geometryType": "obb",
            "obb": {
                "xc": 168.69863891601562,
                "yc": 221.363037109375,
                "w": 89.49600982666016,
                "h": 60.50800704956055,
                "theta": 125.7538833618164
            },
            "height": 408,
            "width": 651
        },
        {
            "geometryType": "obb",
            "obb": {
                "xc": 474.2414855957031,
                "yc": 232.001953125,
                "w": 270.1960754394531,
                "h": 25.478517532348633,
                "theta": 89.56758880615234
            },
            "height": 408,
            "width": 651
        }
    ]
}