{
    "objects": [
        {
            "geometryType": "obb",
            "obb": {
                "xc": 184.78990173339844,
                "yc": 128.67076110839844,
                "w": 123.9709243774414,
                "h": 42.00838088989258,
                "theta": 179.3772430419922
            },
            "height": 284,
            "width": 379
        },
        {
            "geometryType": "obb",
            "obb": {
                "xc": 132.87924194335938,
                "yc": 227.0640106201172,
                "w": 96.42639923095703,
                "h": 20.37943458557129,
                "theta": 172.64761352539062
            },
            "height": 284,
            "width": 379
        },
        {
            "geometryType": "obb",
            "obb": {
                "xc": 240.60247802734375,
                "yc": 227.3729705810547,
                "w": 92.88967895507812,
                "h": 18.92197036743164,
                "theta": 5.19442892074585
            },
            "height": 284,
            "width": 379
        }
    ]
}