{
    "objects": [
        {
            "geometryType": "obb",
            "obb": {
                "xc": 572.9965209960938,
                "yc": 286.4377136230469,
                "w": 507.03753662109375,
                "h": 188.53514099121094,
                "theta": 23.34555435180664
            },
            "height": 1066,
            "width": 1600
        },
        {
            "geometryType": "obb",
            "obb": {
                "xc": 81.5,
                "yc": 15.5,
                "w": 133.0,
                "h": 19.0,
                "theta": -0.0
            },
            "height": 1066,
            "width": 1600
        }
    ]
}