{
    "objects": [
        {
            "geometryType": "obb",
            "obb": {
                "xc": 194.8329620361328,
                "yc": 90.92266082763672,
                "w": 284.146728515625,
                "h": 66.44900512695312,
                "theta": 147.35828399658203
            },
            "height": 290,
            "width": 640
        },
        {
            "geometryType": "obb",
            "obb": {
                "xc": 495.83758544921875,
                "yc": 89.52013397216797,
                "w": 290.3944091796875,
                "h": 75.44467163085938,
                "theta": 32.99522018432617
            },
            "height": 290,
            "width": 640
        }
    ]
}