{
    "objects": [
        {
            "geometryType": "obb",
            "obb": {
                "xc": 103.91608428955078,
                "yc": 247.17633056640625,
                "w": 165.74057006835938,
                "h": 70.30067443847656,
                "theta": 159.75630950927734
            },
            "height": 460,
            "width": 600
        },
        {
            "geometryType": "obb",
            "obb": {
                "xc": 236.62879943847656,
                "yc": 213.24530029296875,
                "w": 98.68028259277344,
                "h": 76.0081787109375,
                "theta": 174.0938491821289
            },
            "height": 460,
            "width": 600
        },
        {
            "geometryType": "obb",
            "obb": {
                "xc": 434.57098388671875,
                "yc": 231.25474548339844,
                "w": 271.15643310546875,
                "h": 71.7757797241211,
                "theta": 11.749983787536621
            },
            "height": 460,
            "width": 600
        }
    ]
}