{
    "objects": [
        {
            "geometryType": "obb",
            "obb": {
                "xc": 330.86639404296875,
                "yc": 360.5530090332031,
                "w": 116.60165405273438,
                "h": 41.14910888671875,
                "theta": 4.916565895080566
            },
            "height": 1280,
            "width": 719
        },
        {
            "geometryType": "obb",
            "obb": {
                "xc": 326.4953308105469,
                "yc": 322.0479736328125,
                "w": 43.12112808227539,
                "h": 27.934017181396484,
                "theta": 5.5275397300720215
            },
            "height": 1280,
            "width": 719
        },
        {
            "geometryType": "obb",
            "obb": {
                "xc": 271.12841796875,
                "yc": 889.3600463867188,
                "w": 49.244140625,
                "h": 19.33733367919922,
                "theta": 24.102235794067383
            },
            "height": 1280,
            "width": 719
        },
        {
            "geometryType": "obb",
            "obb": {
                "xc": 318.3218688964844,
                "yc": 884.709228515625,
                "w": 55.20347213745117,
                "h": 18.467111587524414,
                "theta": 146.6592903137207
            },
            "height": 1280,
            "width": 719
        }
    ]
}