{
    "objects": [
        {
            "geometryType": "obb",
            "obb": {
                "xc": 276.1556701660156,
                "yc": 316.4221496582031,
                "w": 508.1107482910156,
                "h": 133.4175567626953,
                "theta": 157.1600341796875
            },
            "height": 960,
            "width": 1280
        },
        {
            "geometryType": "obb",
            "obb": {
                "xc": 887.448974609375,
                "yc": 306.2606201171875,
                "w": 675.0101318359375,
                "h": 157.7962188720703,
                "theta": 19.090068817138672
            },
            "height": 960,
            "width": 1280
        },
        {
            "geometryType": "obb",
            "obb": {
                "xc": 1067.511962890625,
                "yc": 540.9775390625,
                "w": 91.31732940673828,
                "h": 13.973665237426758,
                "theta": 1.3019527196884155
            },
            "height": 960,
            "width": 1280
        }
    ]
}