{
    "objects": [
        {
            "geometryType": "obb",
            "obb": {
                "xc": 191.2939453125,
                "yc": 402.2068786621094,
                "w": 325.5041809082031,
                "h": 133.33425903320312,
                "theta": 117.13514137268066
            },
            "height": 854,
            "width": 1210
        },
        {
            "geometryType": "obb",
            "obb": {
                "xc": 432.04754638671875,
                "yc": 193.43743896484375,
                "w": 286.1119079589844,
                "h": 116.41401672363281,
                "theta": 164.46263885498047
            },
            "height": 854,
            "width": 1210
        },
        {
            "geometryType": "obb",
            "obb": {
                "xc": 727.0835571289062,
                "yc": 218.71600341796875,
                "w": 315.7773742675781,
                "h": 113.09934997558594,
                "theta": 27.39236831665039
            },
            "height": 854,
            "width": 1210
        },
        {
            "geometryType": "obb",
            "obb": {
                "xc": 932.02587890625,
                "yc": 434.6212158203125,
                "w": 296.1173095703125,
                "h": 114.92329406738281,
                "theta": 70.37774658203125
            },
            "height": 854,
            "width": 1210
        }
    ]
}