{
    "objects": [
        {
            "geometryType": "obb",
            "obb": {
                "xc": 194.54141235351562,
                "yc": 270.88568115234375,
                "w": 193.1398468017578,
                "h": 73.65994262695312,
                "theta": 136.46880340576172
            },
            "height": 978,
            "width": 658
        },
        {
            "geometryType": "obb",
            "obb": {
                "xc": 346.3000183105469,
                "yc": 287.60003662109375,
                "w": 163.2329559326172,
                "h": 59.92662048339844,
                "theta": 63.43495178222656
            },
            "height": 978,
            "width": 658
        },
        {
            "geometryType": "obb",
            "obb": {
                "xc": 258.51318359375,
                "yc": 509.01873779296875,
                "w": 212.85450744628906,
                "h": 89.90714263916016,
                "theta": 178.54054260253906
            },
            "height": 978,
            "width": 658
        }
    ]
}