{
    "objects": [
        {
            "geometryType": "obb",
            "obb": {
                "xc": 378.8182067871094,
                "yc": 464.3578796386719,
                "w": 594.7783203125,
                "h": 126.96339416503906,
                "theta": 166.66488647460938
            },
            "height": 1165,
            "width": 1553
        },
        {
            "geometryType": "obb",
            "obb": {
                "xc": 1179.5413818359375,
                "yc": 450.13104248046875,
                "w": 590.2608642578125,
                "h": 119.74141693115234,
                "theta": 11.050678253173828
            },
            "height": 1165,
            "width": 1553
        }
    ]
}