{
    "objects": [
        {
            "geometryType": "obb",
            "obb": {
                "xc": 214.36605834960938,
                "yc": 157.9635467529297,
                "w": 126.86934661865234,
                "h": 41.93379211425781,
                "theta": 5.762632846832275
            },
            "height": 504,
            "width": 500
        },
        {
            "geometryType": "obb",
            "obb": {
                "xc": 409.6735534667969,
                "yc": 155.68646240234375,
                "w": 163.50653076171875,
                "h": 40.35622787475586,
                "theta": 19.5024471282959
            },
            "height": 504,
            "width": 500
        }
    ]
}