{
    "objects": [
        {
            "geometryType": "obb",
            "obb": {
                "xc": 610.939453125,
                "yc": 918.06298828125,
                "w": 1001.8184814453125,
                "h": 517.220947265625,
                "theta": 175.28173828125
            },
            "height": 2206,
            "width": 1638
        },
        {
            "geometryType": "obb",
            "obb": {
                "xc": 615.068115234375,
                "yc": 1505.826416015625,
                "w": 596.8560180664062,
                "h": 198.3419952392578,
                "theta": 179.63966369628906
            },
            "height": 2206,
            "width": 1638
        }
    ]
}