{
    "objects": [
        {
            "geometryType": "obb",
            "obb": {
                "xc": 1060.20849609375,
                "yc": 570.6107788085938,
                "w": 691.0930786132812,
                "h": 234.81365966796875,
                "theta": 179.5708236694336
            },
            "height": 1620,
            "width": 2160
        },
        {
            "geometryType": "obb",
            "obb": {
                "xc": 1087.2952880859375,
                "yc": 1150.66162109375,
                "w": 187.38406372070312,
                "h": 107.48931121826172,
                "theta": 174.99935913085938
            },
            "height": 1620,
            "width": 2160
        },
        {
            "geometryType": "obb",
            "obb": {
                "xc": 1087.5076904296875,
                "yc": 1234.5616455078125,
                "w": 709.4171142578125,
                "h": 240.59312438964844,
                "theta": 177.84471893310547
            },
            "height": 1620,
            "width": 2160
        }
    ]
}