{
    "objects": [
        {
            "geometryType": "obb",
            "obb": {
                "xc": 420.0937194824219,
                "yc": 279.2784423828125,
                "w": 268.6789855957031,
                "h": 109.9020767211914,
                "theta": 92.17131185531616
            },
            "height": 609,
            "width": 1080
        },
        {
            "geometryType": "obb",
            "obb": {
                "xc": 591.6565551757812,
                "yc": 332.29754638671875,
                "w": 94.11576843261719,
                "h": 36.63511276245117,
                "theta": 95.94686317443848
            },
            "height": 609,
            "width": 1080
        },
        {
            "geometryType": "obb",
            "obb": {
                "xc": 601.28857421875,
                "yc": 240.79061889648438,
                "w": 89.61371612548828,
                "h": 35.571495056152344,
                "theta": 97.23692178726196
            },
            "height": 609,
            "width": 1080
        },
        {
            "geometryType": "obb",
            "obb": {
                "xc": 620.9999389648438,
                "yc": 289.9999694824219,
                "w": 116.68612670898438,
                "h": 19.296344757080078,
                "theta": 95.51147747039795
            },
            "height": 609,
            "width": 1080
        }
    ]
}