{
    "objects": [
        {
            "geometryType": "obb",
            "obb": {
                "xc": 270.9145812988281,
                "yc": 221.5701446533203,
                "w": 409.3599853515625,
                "h": 72.86959075927734,
                "theta": 175.20123291015625
            },
            "height": 353,
            "width": 557
        }
    ]
}