{
    "objects": [
        {
            "geometryType": "obb",
            "obb": {
                "xc": 492.4136047363281,
                "yc": 234.27279663085938,
                "w": 600.1607055664062,
                "h": 196.54286193847656,
                "theta": 179.37452697753906
            },
            "height": 964,
            "width": 1000
        },
        {
            "geometryType": "obb",
            "obb": {
                "xc": 507.5,
                "yc": 384.0,
                "w": 397.0,
                "h": 214.0,
                "theta": 180.0
            },
            "height": 964,
            "width": 1000
        },
        {
            "geometryType": "obb",
            "obb": {
                "xc": 500.8465576171875,
                "yc": 525.2617797851562,
                "w": 303.60479736328125,
                "h": 86.51276397705078,
                "theta": 1.132180094718933
            },
            "height": 964,
            "width": 1000
        },
        {
            "geometryType": "obb",
            "obb": {
                "xc": 525.1124267578125,
                "yc": 701.2096557617188,
                "w": 482.2899169921875,
                "h": 161.3973388671875,
                "theta": 2.8107144832611084
            },
            "height": 964,
            "width": 1000
        }
    ]
}