{
    "objects": [
        {
            "geometryType": "obb",
            "obb": {
                "xc": 91.97076416015625,
                "yc": 123.44651794433594,
                "w": 87.67472076416016,
                "h": 27.443315505981445,
                "theta": 132.91743087768555
            },
            "height": 450,
            "width": 300
        },
        {
            "geometryType": "obb",
            "obb": {
                "xc": 137.18386840820312,
                "yc": 94.57786560058594,
                "w": 24.94932746887207,
                "h": 21.83066177368164,
                "theta": 72.34988403320312
            },
            "height": 450,
            "width": 300
        },
        {
            "geometryType": "obb",
            "obb": {
                "xc": 180.20001220703125,
                "yc": 102.10000610351562,
                "w": 73.79023742675781,
                "h": 25.93838882446289,
                "theta": 26.56505012512207
            },
            "height": 450,
            "width": 300
        },
        {
            "geometryType": "obb",
            "obb": {
                "xc": 225.78497314453125,
                "yc": 143.70611572265625,
                "w": 50.80354309082031,
                "h": 27.7933349609375,
                "theta": 53.80678939819336
            },
            "height": 450,
            "width": 300
        }
    ]
}