{
    "objects": [
        {
            "geometryType": "obb",
            "obb": {
                "xc": 438.74566650390625,
                "yc": 334.5013122558594,
                "w": 116.34242248535156,
                "h": 49.07659149169922,
                "theta": 163.20162963867188
            },
            "height": 900,
            "width": 1200
        },
        {
            "geometryType": "obb",
            "obb": {
                "xc": 672.9953002929688,
                "yc": 323.6181945800781,
                "w": 325.2149963378906,
                "h": 58.824195861816406,
                "theta": 6.772160053253174
            },
            "height": 900,
            "width": 1200
        }
    ]
}