{
    "objects": [
        {
            "geometryType": "obb",
            "obb": {
                "xc": 280.75115966796875,
                "yc": 525.4457397460938,
                "w": 116.91827392578125,
                "h": 35.224124908447266,
                "theta": 9.001754760742188
            },
            "height": 960,
            "width": 1280
        },
        {
            "geometryType": "obb",
            "obb": {
                "xc": 398.106689453125,
                "yc": 509.09130859375,
                "w": 108.17736053466797,
                "h": 33.77394485473633,
                "theta": 153.74975204467773
            },
            "height": 960,
            "width": 1280
        },
        {
            "geometryType": "obb",
            "obb": {
                "xc": 627.0,
                "yc": 509.5,
                "w": 50.0,
                "h": 21.0,
                "theta": 0.0
            },
            "height": 960,
            "width": 1280
        },
        {
            "geometryType": "obb",
            "obb": {
                "xc": 209.9770965576172,
                "yc": 489.6702880859375,
                "w": 55.46515655517578,
                "h": 25.320104598999023,
                "theta": 42.35744857788086
            },
            "height": 960,
            "width": 1280
        }
    ]
}