{
    "objects": [
        {
            "geometryType": "obb",
            "obb": {
                "xc": 698.0,
                "yc": 636.0,
                "w": 62.0,
                "h": 32.0,
                "theta": 180.0
            },
            "height": 1280,
            "width": 960
        },
        {
            "geometryType": "obb",
            "obb": {
                "xc": 682.9149780273438,
                "yc": 432.82598876953125,
                "w": 134.2385711669922,
                "h": 36.412776947021484,
                "theta": 176.5834197998047
            },
            "height": 1280,
            "width": 960
        },
        {
            "geometryType": "obb",
            "obb": {
                "xc": 692.466064453125,
                "yc": 493.22064208984375,
                "w": 412.4415588378906,
                "h": 86.32813262939453,
                "theta": 176.38764190673828
            },
            "height": 1280,
            "width": 960
        },
        {
            "geometryType": "obb",
            "obb": {
                "xc": 831.0000610351562,
                "yc": 935.0000610351562,
                "w": 42.36750030517578,
                "h": 33.24146270751953,
                "theta": 173.21102905273438
            },
            "height": 1280,
            "width": 960
        }
    ]
}