{
    "objects": [
        {
            "geometryType": "obb",
            "obb": {
                "xc": 870.5,
                "yc": 228.5,
                "w": 57.0,
                "h": 39.0,
                "theta": 180.0
            },
            "height": 672,
            "width": 900
        },
        {
            "geometryType": "obb",
            "obb": {
                "xc": 67.5,
                "yc": 11.0,
                "w": 57.0,
                "h": 20.0,
                "theta": 180.0
            },
            "height": 672,
            "width": 900
        },
        {
            "geometryType": "obb",
            "obb": {
                "xc": 22.499996185302734,
                "yc": 9.999998092651367,
                "w": 40.99999237060547,
                "h": 19.999996185302734,
                "theta": -0.0
            },
            "height": 672,
            "width": 900
        },
        {
            "geometryType": "obb",
            "obb": {
                "xc": 426.39678955078125,
                "yc": 176.536865234375,
                "w": 441.13037109375,
                "h": 132.84521484375,
                "theta": 179.18927001953125
            },
            "height": 672,
            "width": 900
        }
    ]
}