{
    "objects": [
        {
            "geometryType": "obb",
            "obb": {
                "xc": 494.5000305175781,
                "yc": 235.49392700195312,
                "w": 888.1721801757812,
                "h": 449.0131530761719,
                "theta": 0.174150750041008
            },
            "height": 960,
            "width": 1280
        },
        {
            "geometryType": "obb",
            "obb": {
                "xc": 474.3489990234375,
                "yc": 798.8887939453125,
                "w": 722.7898559570312,
                "h": 266.07720947265625,
                "theta": 1.6336613893508911
            },
            "height": 960,
            "width": 1280
        }
    ]
}