{
    "objects": [
        {
            "geometryType": "obb",
            "obb": {
                "xc": 341.2514343261719,
                "yc": 526.2388305664062,
                "w": 254.00489807128906,
                "h": 195.25804138183594,
                "theta": 179.27015686035156
            },
            "height": 1040,
            "width": 674
        },
        {
            "geometryType": "obb",
            "obb": {
                "xc": 353.0068054199219,
                "yc": 684.8026733398438,
                "w": 408.9102783203125,
                "h": 126.31723022460938,
                "theta": 178.70904541015625
            },
            "height": 1040,
            "width": 674
        }
    ]
}