{
    "objects": [
        {
            "geometryType": "obb",
            "obb": {
                "xc": 351.853759765625,
                "yc": 679.4899291992188,
                "w": 264.0894775390625,
                "h": 88.97346496582031,
                "theta": 179.47676849365234
            },
            "height": 963,
            "width": 654
        },
        {
            "geometryType": "obb",
            "obb": {
                "xc": 353.25152587890625,
                "yc": 749.4660034179688,
                "w": 174.36541748046875,
                "h": 37.05265426635742,
                "theta": 2.602562189102173
            },
            "height": 963,
            "width": 654
        },
        {
            "geometryType": "obb",
            "obb": {
                "xc": 302.5000305175781,
                "yc": 780.5000610351562,
                "w": 70.17842864990234,
                "h": 26.018972396850586,
                "theta": 2.4540317058563232
            },
            "height": 963,
            "width": 654
        },
        {
            "geometryType": "obb",
            "obb": {
                "xc": 396.5322265625,
                "yc": 788.5570068359375,
                "w": 113.39141845703125,
                "h": 31.462356567382812,
                "theta": 4.159642219543457
            },
            "height": 963,
            "width": 654
        }
    ]
}