{
    "objects": [
        {
            "geometryType": "obb",
            "obb": {
                "xc": 111.486083984375,
                "yc": 56.85618591308594,
                "w": 66.62423706054688,
                "h": 13.934900283813477,
                "theta": 174.4724578857422
            },
            "height": 240,
            "width": 320
        },
        {
            "geometryType": "obb",
            "obb": {
                "xc": 167.73001098632812,
                "yc": 47.11000061035156,
                "w": 41.2950325012207,
                "h": 16.829139709472656,
                "theta": 171.8698959350586
            },
            "height": 240,
            "width": 320
        },
        {
            "geometryType": "obb",
            "obb": {
                "xc": 123.94182586669922,
                "yc": 128.84713745117188,
                "w": 187.04605102539062,
                "h": 29.742130279541016,
                "theta": 177.9833755493164
            },
            "height": 240,
            "width": 320
        }
    ]
}