{
    "objects": [
        {
            "geometryType": "obb",
            "obb": {
                "xc": 183.99996948242188,
                "yc": 169.99998474121094,
                "w": 81.99998474121094,
                "h": 43.99999237060547,
                "theta": -0.0
            },
            "height": 720,
            "width": 1280
        },
        {
            "geometryType": "obb",
            "obb": {
                "xc": 712.11669921875,
                "yc": 203.02418518066406,
                "w": 149.68887329101562,
                "h": 79.97773742675781,
                "theta": 2.2457425594329834
            },
            "height": 720,
            "width": 1280
        },
        {
            "geometryType": "obb",
            "obb": {
                "xc": 694.6796875,
                "yc": 298.35516357421875,
                "w": 78.56922912597656,
                "h": 22.907691955566406,
                "theta": 14.250031471252441
            },
            "height": 720,
            "width": 1280
        },
        {
            "geometryType": "obb",
            "obb": {
                "xc": 742.6922607421875,
                "yc": 295.4615478515625,
                "w": 28.01742172241211,
                "h": 15.656795501708984,
                "theta": 145.4914779663086
            },
            "height": 720,
            "width": 1280
        }
    ]
}