{
    "objects": [
        {
            "geometryType": "obb",
            "obb": {
                "xc": 361.0447692871094,
                "yc": 192.69017028808594,
                "w": 314.7694091796875,
                "h": 142.25477600097656,
                "theta": 11.188799858093262
            },
            "height": 455,
            "width": 672
        },
        {
            "geometryType": "obb",
            "obb": {
                "xc": 250.03433227539062,
                "yc": 320.9539794921875,
                "w": 147.1427764892578,
                "h": 77.8138427734375,
                "theta": 58.51253128051758
            },
            "height": 455,
            "width": 672
        },
        {
            "geometryType": "obb",
            "obb": {
                "xc": 441.75543212890625,
                "yc": 371.9085998535156,
                "w": 168.56900024414062,
                "h": 95.8981704711914,
                "theta": 142.49585342407227
            },
            "height": 455,
            "width": 672
        }
    ]
}