{
    "objects": [
        {
            "geometryType": "obb",
            "obb": {
                "xc": 323.4974365234375,
                "yc": 743.255126953125,
                "w": 108.21549224853516,
                "h": 40.15586853027344,
                "theta": 27.149681091308594
            },
            "height": 1280,
            "width": 719
        },
        {
            "geometryType": "obb",
            "obb": {
                "xc": 414.94622802734375,
                "yc": 745.0006103515625,
                "w": 101.98765563964844,
                "h": 33.0341911315918,
                "theta": 152.81888961791992
            },
            "height": 1280,
            "width": 719
        }
    ]
}