{
    "objects": [
        {
            "geometryType": "obb",
            "obb": {
                "xc": 158.19589233398438,
                "yc": 509.80926513671875,
                "w": 131.1709442138672,
                "h": 33.52864456176758,
                "theta": 158.96248626708984
            },
            "height": 920,
            "width": 550
        },
        {
            "geometryType": "obb",
            "obb": {
                "xc": 378.03125,
                "yc": 511.2051696777344,
                "w": 97.00038146972656,
                "h": 31.099899291992188,
                "theta": 22.30620574951172
            },
            "height": 920,
            "width": 550
        },
        {
            "geometryType": "obb",
            "obb": {
                "xc": 441.9764709472656,
                "yc": 549.805908203125,
                "w": 56.51038360595703,
                "h": 19.523740768432617,
                "theta": 49.398704528808594
            },
            "height": 920,
            "width": 550
        },
        {
            "geometryType": "obb",
            "obb": {
                "xc": 288.8529968261719,
                "yc": 469.79119873046875,
                "w": 344.98114013671875,
                "h": 128.7838134765625,
                "theta": 4.322277069091797
            },
            "height": 920,
            "width": 550
        }
    ]
}