{
    "objects": [
        {
            "geometryType": "obb",
            "obb": {
                "xc": 255.0,
                "yc": 364.5,
                "w": 32.0,
                "h": 13.0,
                "theta": 180.0
            },
            "height": 480,
            "width": 480
        },
        {
            "geometryType": "obb",
            "obb": {
                "xc": 218.5,
                "yc": 364.5,
                "w": 31.0,
                "h": 15.0,
                "theta": 180.0
            },
            "height": 480,
            "width": 480
        },
        {
            "geometryType": "obb",
            "obb": {
                "xc": 237.87261962890625,
                "yc": 208.00698852539062,
                "w": 293.99066162109375,
                "h": 85.97734832763672,
                "theta": 179.54347229003906
            },
            "height": 480,
            "width": 480
        }
    ]
}