{
    "objects": [
        {
            "geometryType": "obb",
            "obb": {
                "xc": 833.331298828125,
                "yc": 286.160888671875,
                "w": 615.58935546875,
                "h": 97.96217346191406,
                "theta": 177.30571746826172
            },
            "height": 948,
            "width": 1360
        },
        {
            "geometryType": "obb",
            "obb": {
                "xc": 910.5401611328125,
                "yc": 399.00067138671875,
                "w": 830.7855224609375,
                "h": 122.02275848388672,
                "theta": 0.1395753175020218
            },
            "height": 948,
            "width": 1360
        },
        {
            "geometryType": "obb",
            "obb": {
                "xc": 398.9912109375,
                "yc": 458.8409729003906,
                "w": 77.7120590209961,
                "h": 69.09127807617188,
                "theta": 165.5297088623047
            },
            "height": 948,
            "width": 1360
        }
    ]
}