{
    "objects": [
        {
            "geometryType": "obb",
            "obb": {
                "xc": 595.867919921875,
                "yc": 579.6116943359375,
                "w": 91.77571105957031,
                "h": 38.016998291015625,
                "theta": 133.45184326171875
            },
            "height": 960,
            "width": 1280
        },
        {
            "geometryType": "obb",
            "obb": {
                "xc": 676.3988037109375,
                "yc": 588.4461669921875,
                "w": 106.3211669921875,
                "h": 38.968719482421875,
                "theta": 46.46880340576172
            },
            "height": 960,
            "width": 1280
        },
        {
            "geometryType": "obb",
            "obb": {
                "xc": 635.2371215820312,
                "yc": 670.2289428710938,
                "w": 89.92408752441406,
                "h": 29.372467041015625,
                "theta": 2.353296995162964
            },
            "height": 960,
            "width": 1280
        },
        {
            "geometryType": "obb",
            "obb": {
                "xc": 1029.507080078125,
                "yc": 186.39390563964844,
                "w": 78.29086303710938,
                "h": 15.916635513305664,
                "theta": 93.75172901153564
            },
            "height": 960,
            "width": 1280
        }
    ]
}