{
    "objects": [
        {
            "geometryType": "obb",
            "obb": {
                "xc": 180.43540954589844,
                "yc": 234.70034790039062,
                "w": 150.11752319335938,
                "h": 55.622135162353516,
                "theta": 159.7082290649414
            },
            "height": 478,
            "width": 661
        },
        {
            "geometryType": "obb",
            "obb": {
                "xc": 493.6385498046875,
                "yc": 236.9320068359375,
                "w": 196.267822265625,
                "h": 58.59989929199219,
                "theta": 17.91645050048828
            },
            "height": 478,
            "width": 661
        }
    ]
}