{
    "objects": [
        {
            "geometryType": "obb",
            "obb": {
                "xc": 88.22047424316406,
                "yc": 128.278076171875,
                "w": 135.96011352539062,
                "h": 52.34690475463867,
                "theta": 114.06563377380371
            },
            "height": 329,
            "width": 372
        },
        {
            "geometryType": "obb",
            "obb": {
                "xc": 275.4244079589844,
                "yc": 97.7082290649414,
                "w": 155.94993591308594,
                "h": 61.39112854003906,
                "theta": 55.491477966308594
            },
            "height": 329,
            "width": 372
        },
        {
            "geometryType": "obb",
            "obb": {
                "xc": 174.16763305664062,
                "yc": 58.29656219482422,
                "w": 55.99284744262695,
                "h": 24.58514404296875,
                "theta": 168.95906829833984
            },
            "height": 329,
            "width": 372
        }
    ]
}