{
    "objects": [
        {
            "geometryType": "obb",
            "obb": {
                "xc": 295.49395751953125,
                "yc": 155.50027465820312,
                "w": 364.03533935546875,
                "h": 137.63543701171875,
                "theta": 177.2408905029297
            },
            "height": 500,
            "width": 823
        },
        {
            "geometryType": "obb",
            "obb": {
                "xc": 635.0,
                "yc": 164.5,
                "w": 220.0,
                "h": 125.0,
                "theta": 0.0
            },
            "height": 500,
            "width": 823
        }
    ]
}