{
    "objects": [
        {
            "geometryType": "obb",
            "obb": {
                "xc": 686.0,
                "yc": 720.5,
                "w": 380.0,
                "h": 73.0,
                "theta": 180.0
            },
            "height": 960,
            "width": 1280
        },
        {
            "geometryType": "obb",
            "obb": {
                "xc": 805.45849609375,
                "yc": 611.001220703125,
                "w": 294.24761962890625,
                "h": 115.8719711303711,
                "theta": 178.4088592529297
            },
            "height": 960,
            "width": 1280
        },
        {
            "geometryType": "obb",
            "obb": {
                "xc": 494.70172119140625,
                "yc": 507.5794372558594,
                "w": 413.309814453125,
                "h": 92.91093444824219,
                "theta": 177.7814178466797
            },
            "height": 960,
            "width": 1280
        },
        {
            "geometryType": "obb",
            "obb": {
                "xc": 454.181396484375,
                "yc": 629.0194091796875,
                "w": 336.58184814453125,
                "h": 137.5992431640625,
                "theta": 1.6314008235931396
            },
            "height": 960,
            "width": 1280
        }
    ]
}