{
    "objects": [
        {
            "geometryType": "obb",
            "obb": {
                "xc": 285.0,
                "yc": 173.5,
                "w": 46.0,
                "h": 19.0,
                "theta": 180.0
            },
            "height": 500,
            "width": 557
        },
        {
            "geometryType": "obb",
            "obb": {
                "xc": 206.1715850830078,
                "yc": 88.84451293945312,
                "w": 82.75244140625,
                "h": 43.61941146850586,
                "theta": 2.815556764602661
            },
            "height": 500,
            "width": 557
        },
        {
            "geometryType": "obb",
            "obb": {
                "xc": 205.77935791015625,
                "yc": 148.2379913330078,
                "w": 82.02193450927734,
                "h": 43.477294921875,
                "theta": 0.9548412561416626
            },
            "height": 500,
            "width": 557
        },
        {
            "geometryType": "obb",
            "obb": {
                "xc": 284.0,
                "yc": 155.5,
                "w": 50.0,
                "h": 21.0,
                "theta": 0.0
            },
            "height": 500,
            "width": 557
        }
    ]
}