{
    "objects": [
        {
            "geometryType": "obb",
            "obb": {
                "xc": 149.0,
                "yc": 77.5,
                "w": 22.0,
                "h": 21.0,
                "theta": -0.0
            },
            "height": 450,
            "width": 336
        },
        {
            "geometryType": "obb",
            "obb": {
                "xc": 199.12071228027344,
                "yc": 93.94828033447266,
                "w": 64.43629455566406,
                "h": 21.72635841369629,
                "theta": 21.801406860351562
            },
            "height": 450,
            "width": 336
        },
        {
            "geometryType": "obb",
            "obb": {
                "xc": 164.46153259277344,
                "yc": 112.69231414794922,
                "w": 59.227073669433594,
                "h": 16.081523895263672,
                "theta": 11.309932708740234
            },
            "height": 450,
            "width": 336
        },
        {
            "geometryType": "obb",
            "obb": {
                "xc": 210.00001525878906,
                "yc": 126.00000762939453,
                "w": 34.882659912109375,
                "h": 8.049844741821289,
                "theta": 26.56505012512207
            },
            "height": 450,
            "width": 336
        }
    ]
}