{
    "objects": [
        {
            "geometryType": "obb",
            "obb": {
                "xc": 65.05773162841797,
                "yc": 139.2942657470703,
                "w": 53.46026611328125,
                "h": 23.793373107910156,
                "theta": 172.47618103027344
            },
            "height": 500,
            "width": 507
        },
        {
            "geometryType": "obb",
            "obb": {
                "xc": 152.9600830078125,
                "yc": 130.24493408203125,
                "w": 107.22681427001953,
                "h": 17.66193389892578,
                "theta": 176.60028076171875
            },
            "height": 500,
            "width": 507
        },
        {
            "geometryType": "obb",
            "obb": {
                "xc": 246.97137451171875,
                "yc": 126.85771179199219,
                "w": 68.58089447021484,
                "h": 21.252103805541992,
                "theta": 4.573921203613281
            },
            "height": 500,
            "width": 507
        },
        {
            "geometryType": "obb",
            "obb": {
                "xc": 331.56103515625,
                "yc": 138.78848266601562,
                "w": 91.30760192871094,
                "h": 22.387920379638672,
                "theta": 11.68936824798584
            },
            "height": 500,
            "width": 507
        }
    ]
}