{
    "objects": [
        {
            "geometryType": "obb",
            "obb": {
                "xc": 405.75567626953125,
                "yc": 56.24229431152344,
                "w": 371.1388854980469,
                "h": 77.07508850097656,
                "theta": 171.4308624267578
            },
            "height": 768,
            "width": 1024
        },
        {
            "geometryType": "obb",
            "obb": {
                "xc": 757.9874877929688,
                "yc": 56.859046936035156,
                "w": 203.36279296875,
                "h": 71.52659606933594,
                "theta": 12.011479377746582
            },
            "height": 768,
            "width": 1024
        }
    ]
}