{
    "objects": [
        {
            "geometryType": "obb",
            "obb": {
                "xc": 295.4908142089844,
                "yc": 149.15538024902344,
                "w": 549.9830322265625,
                "h": 276.3563232421875,
                "theta": 1.0309181213378906
            },
            "height": 1066,
            "width": 762
        },
        {
            "geometryType": "obb",
            "obb": {
                "xc": 592.0,
                "yc": 1034.5,
                "w": 317.99993896484375,
                "h": 44.99999237060547,
                "theta": -0.0
            },
            "height": 1066,
            "width": 762
        }
    ]
}