{
    "objects": [
        {
            "geometryType": "obb",
            "obb": {
                "xc": 69.99030303955078,
                "yc": 254.00265502929688,
                "w": 66.47996520996094,
                "h": 22.38118553161621,
                "theta": 74.84593200683594
            },
            "height": 320,
            "width": 240
        },
        {
            "geometryType": "obb",
            "obb": {
                "xc": 127.0,
                "yc": 278.5,
                "w": 68.0,
                "h": 23.0,
                "theta": 0.0
            },
            "height": 320,
            "width": 240
        },
        {
            "geometryType": "obb",
            "obb": {
                "xc": 186.21014404296875,
                "yc": 261.7421569824219,
                "w": 40.33811569213867,
                "h": 21.475425720214844,
                "theta": 112.47943687438965
            },
            "height": 320,
            "width": 240
        }
    ]
}