{
    "objects": [
        {
            "geometryType": "obb",
            "obb": {
                "xc": 188.65382385253906,
                "yc": 112.80337524414062,
                "w": 94.82650756835938,
                "h": 35.151824951171875,
                "theta": 139.6668586730957
            },
            "height": 394,
            "width": 640
        },
        {
            "geometryType": "obb",
            "obb": {
                "xc": 303.2032470703125,
                "yc": 104.39185333251953,
                "w": 141.10110473632812,
                "h": 48.7819709777832,
                "theta": 21.614778518676758
            },
            "height": 394,
            "width": 640
        },
        {
            "geometryType": "obb",
            "obb": {
                "xc": 629.5,
                "yc": 362.0,
                "w": 19.0,
                "h": 16.0,
                "theta": 180.0
            },
            "height": 394,
            "width": 640
        }
    ]
}