{
    "objects": [
        {
            "geometryType": "obb",
            "obb": {
                "xc": 778.8935546875,
                "yc": 251.6947479248047,
                "w": 821.3880615234375,
                "h": 287.2318420410156,
                "theta": 178.97238159179688
            },
            "height": 1067,
            "width": 1600
        },
        {
            "geometryType": "obb",
            "obb": {
                "xc": 481.7848815917969,
                "yc": 470.48883056640625,
                "w": 410.2998962402344,
                "h": 125.04756164550781,
                "theta": 151.62358474731445
            },
            "height": 1067,
            "width": 1600
        }
    ]
}