{
    "objects": [
        {
            "geometryType": "obb",
            "obb": {
                "xc": 638.0000610351562,
                "yc": 616.0000610351562,
                "w": 251.69869995117188,
                "h": 185.7196044921875,
                "theta": 179.4791488647461
            },
            "height": 1200,
            "width": 1600
        },
        {
            "geometryType": "obb",
            "obb": {
                "xc": 834.3839721679688,
                "yc": 565.8615112304688,
                "w": 141.37155151367188,
                "h": 90.0888442993164,
                "theta": 2.544804573059082
            },
            "height": 1200,
            "width": 1600
        },
        {
            "geometryType": "obb",
            "obb": {
                "xc": 999.0001220703125,
                "yc": 618.0,
                "w": 186.29986572265625,
                "h": 152.1984100341797,
                "theta": 86.26860046386719
            },
            "height": 1200,
            "width": 1600
        },
        {
            "geometryType": "obb",
            "obb": {
                "xc": 485.0,
                "yc": 807.9999389648438,
                "w": 59.08469772338867,
                "h": 28.01780128479004,
                "theta": 1.9414864778518677
            },
            "height": 1200,
            "width": 1600
        }
    ]
}