{
    "objects": [
        {
            "geometryType": "obb",
            "obb": {
                "xc": 89.08802795410156,
                "yc": 760.614501953125,
                "w": 84.26068115234375,
                "h": 31.80056381225586,
                "theta": 56.02345657348633
            },
            "height": 1280,
            "width": 719
        },
        {
            "geometryType": "obb",
            "obb": {
                "xc": 150.29238891601562,
                "yc": 790.5480346679688,
                "w": 71.05288696289062,
                "h": 46.541751861572266,
                "theta": 159.56716918945312
            },
            "height": 1280,
            "width": 719
        },
        {
            "geometryType": "obb",
            "obb": {
                "xc": 193.529296875,
                "yc": 760.5262451171875,
                "w": 28.397619247436523,
                "h": 27.29936981201172,
                "theta": 131.82017135620117
            },
            "height": 1280,
            "width": 719
        }
    ]
}