{
    "objects": [
        {
            "geometryType": "obb",
            "obb": {
                "xc": 348.0,
                "yc": 508.5,
                "w": 76.0,
                "h": 29.0,
                "theta": 180.0
            },
            "height": 731,
            "width": 1280
        },
        {
            "geometryType": "obb",
            "obb": {
                "xc": 400.3143615722656,
                "yc": 414.20501708984375,
                "w": 186.12974548339844,
                "h": 79.0876235961914,
                "theta": 5.290081024169922
            },
            "height": 731,
            "width": 1280
        },
        {
            "geometryType": "obb",
            "obb": {
                "xc": 411.91253662109375,
                "yc": 548.4964599609375,
                "w": 129.1788787841797,
                "h": 27.69810676574707,
                "theta": 2.3613743782043457
            },
            "height": 731,
            "width": 1280
        }
    ]
}