{
    "objects": [
        {
            "geometryType": "obb",
            "obb": {
                "xc": 391.6109924316406,
                "yc": 327.3366394042969,
                "w": 240.9499969482422,
                "h": 107.25379180908203,
                "theta": 1.7357045412063599
            },
            "height": 884,
            "width": 659
        },
        {
            "geometryType": "obb",
            "obb": {
                "xc": 343.4949951171875,
                "yc": 661.3792724609375,
                "w": 151.86521911621094,
                "h": 41.72798156738281,
                "theta": 166.29303741455078
            },
            "height": 884,
            "width": 659
        },
        {
            "geometryType": "obb",
            "obb": {
                "xc": 354.83306884765625,
                "yc": 710.5807495117188,
                "w": 331.7357482910156,
                "h": 49.839752197265625,
                "theta": 168.10226440429688
            },
            "height": 884,
            "width": 659
        },
        {
            "geometryType": "obb",
            "obb": {
                "xc": 259.1831359863281,
                "yc": 407.6730651855469,
                "w": 67.43706512451172,
                "h": 48.187503814697266,
                "theta": 111.12471961975098
            },
            "height": 884,
            "width": 659
        }
    ]
}