{
    "objects": [
        {
            "geometryType": "obb",
            "obb": {
                "xc": 408.2486267089844,
                "yc": 143.33045959472656,
                "w": 545.4212036132812,
                "h": 90.16070556640625,
                "theta": 167.51750946044922
            },
            "height": 1123,
            "width": 1600
        },
        {
            "geometryType": "obb",
            "obb": {
                "xc": 1209.870849609375,
                "yc": 149.51251220703125,
                "w": 518.48779296875,
                "h": 72.65099334716797,
                "theta": 13.18196964263916
            },
            "height": 1123,
            "width": 1600
        }
    ]
}