{
    "objects": [
        {
            "geometryType": "obb",
            "obb": {
                "xc": 313.56536865234375,
                "yc": 788.0123291015625,
                "w": 205.20965576171875,
                "h": 56.015899658203125,
                "theta": 2.2347989082336426
            },
            "height": 995,
            "width": 667
        }
    ]
}