{
    "objects": [
        {
            "geometryType": "obb",
            "obb": {
                "xc": 716.0521850585938,
                "yc": 194.907470703125,
                "w": 875.2255249023438,
                "h": 307.7077331542969,
                "theta": 0.9302961826324463
            },
            "height": 1469,
            "width": 1387
        },
        {
            "geometryType": "obb",
            "obb": {
                "xc": 673.2180786132812,
                "yc": 607.1986083984375,
                "w": 1316.98486328125,
                "h": 532.7743530273438,
                "theta": 177.02548217773438
            },
            "height": 1469,
            "width": 1387
        },
        {
            "geometryType": "obb",
            "obb": {
                "xc": 757.3453369140625,
                "yc": 1096.3931884765625,
                "w": 846.8662109375,
                "h": 259.0062561035156,
                "theta": 1.6748380661010742
            },
            "height": 1469,
            "width": 1387
        }
    ]
}