{
    "objects": [
        {
            "geometryType": "obb",
            "obb": {
                "xc": 197.5746612548828,
                "yc": 46.49591064453125,
                "w": 184.62538146972656,
                "h": 79.77493286132812,
                "theta": 165.55596160888672
            },
            "height": 383,
            "width": 369
        },
        {
            "geometryType": "obb",
            "obb": {
                "xc": 232.23248291015625,
                "yc": 173.43626403808594,
                "w": 178.0414276123047,
                "h": 77.61896514892578,
                "theta": 164.66671752929688
            },
            "height": 383,
            "width": 369
        }
    ]
}