{
    "objects": [
        {
            "geometryType": "obb",
            "obb": {
                "xc": 1267.0,
                "yc": 972.5,
                "w": 619.9222412109375,
                "h": 390.7446594238281,
                "theta": 174.04015350341797
            },
            "height": 2112,
            "width": 2816
        },
        {
            "geometryType": "obb",
            "obb": {
                "xc": 2228.38427734375,
                "yc": 839.2081909179688,
                "w": 539.4534301757812,
                "h": 226.0491943359375,
                "theta": 23.951705932617188
            },
            "height": 2112,
            "width": 2816
        }
    ]
}