{
    "objects": [
        {
            "geometryType": "obb",
            "obb": {
                "xc": 151.36085510253906,
                "yc": 36.731201171875,
                "w": 44.98054885864258,
                "h": 19.43277359008789,
                "theta": 1.6846843957901
            },
            "height": 320,
            "width": 240
        },
        {
            "geometryType": "obb",
            "obb": {
                "xc": 148.54293823242188,
                "yc": 102.4186782836914,
                "w": 53.74371337890625,
                "h": 22.726932525634766,
                "theta": 174.14398956298828
            },
            "height": 320,
            "width": 240
        }
    ]
}