{
    "objects": [
        {
            "geometryType": "obb",
            "obb": {
                "xc": 384.48919677734375,
                "yc": 614.2457885742188,
                "w": 127.03837585449219,
                "h": 33.533233642578125,
                "theta": 179.5060806274414
            },
            "height": 1040,
            "width": 780
        },
        {
            "geometryType": "obb",
            "obb": {
                "xc": 243.068603515625,
                "yc": 717.9952392578125,
                "w": 91.07359313964844,
                "h": 51.71540069580078,
                "theta": 41.0548095703125
            },
            "height": 1040,
            "width": 780
        },
        {
            "geometryType": "obb",
            "obb": {
                "xc": 323.7141418457031,
                "yc": 757.328369140625,
                "w": 79.4542007446289,
                "h": 51.78445816040039,
                "theta": 13.284866333007812
            },
            "height": 1040,
            "width": 780
        },
        {
            "geometryType": "obb",
            "obb": {
                "xc": 475.74725341796875,
                "yc": 714.0220947265625,
                "w": 207.14450073242188,
                "h": 61.46304702758789,
                "theta": 144.57159805297852
            },
            "height": 1040,
            "width": 780
        }
    ]
}