{
    "objects": [
        {
            "geometryType": "obb",
            "obb": {
                "xc": 281.2486877441406,
                "yc": 518.30810546875,
                "w": 135.58346557617188,
                "h": 35.1435661315918,
                "theta": 27.89727020263672
            },
            "height": 740,
            "width": 520
        }
    ]
}