{
    "objects": [
        {
            "geometryType": "obb",
            "obb": {
                "xc": 187.3662872314453,
                "yc": 339.33258056640625,
                "w": 123.0298080444336,
                "h": 52.6772575378418,
                "theta": 1.9978798627853394
            },
            "height": 1080,
            "width": 609
        },
        {
            "geometryType": "obb",
            "obb": {
                "xc": 186.77418518066406,
                "yc": 435.6213684082031,
                "w": 108.4142074584961,
                "h": 45.08172607421875,
                "theta": 5.440331935882568
            },
            "height": 1080,
            "width": 609
        }
    ]
}