{
    "objects": [
        {
            "geometryType": "obb",
            "obb": {
                "xc": 262.8897705078125,
                "yc": 404.9719543457031,
                "w": 252.4403533935547,
                "h": 59.514530181884766,
                "theta": 168.64397430419922
            },
            "height": 581,
            "width": 775
        },
        {
            "geometryType": "obb",
            "obb": {
                "xc": 525.00439453125,
                "yc": 395.0005798339844,
                "w": 231.2579345703125,
                "h": 59.528385162353516,
                "theta": 7.188537120819092
            },
            "height": 581,
            "width": 775
        }
    ]
}