{
    "objects": [
        {
            "geometryType": "obb",
            "obb": {
                "xc": 165.5,
                "yc": 82.0,
                "w": 55.0,
                "h": 22.0,
                "theta": -0.0
            },
            "height": 213,
            "width": 320
        },
        {
            "geometryType": "obb",
            "obb": {
                "xc": 165.8736114501953,
                "yc": 102.67010498046875,
                "w": 47.08955764770508,
                "h": 18.8597469329834,
                "theta": 175.42607879638672
            },
            "height": 213,
            "width": 320
        },
        {
            "geometryType": "obb",
            "obb": {
                "xc": 168.0377655029297,
                "yc": 126.40272521972656,
                "w": 46.17253494262695,
                "h": 21.903949737548828,
                "theta": 174.64418029785156
            },
            "height": 213,
            "width": 320
        }
    ]
}