{
    "objects": [
        {
            "geometryType": "obb",
            "obb": {
                "xc": 293.9925537109375,
                "yc": 303.6053466796875,
                "w": 173.4507598876953,
                "h": 43.10451126098633,
                "theta": 4.037710666656494
            },
            "height": 1080,
            "width": 608
        },
        {
            "geometryType": "obb",
            "obb": {
                "xc": 288.87310791015625,
                "yc": 515.3729248046875,
                "w": 240.6187744140625,
                "h": 85.01222229003906,
                "theta": 3.0610296726226807
            },
            "height": 1080,
            "width": 608
        }
    ]
}