{
    "objects": [
        {
            "geometryType": "obb",
            "obb": {
                "xc": 214.47769165039062,
                "yc": 182.6441192626953,
                "w": 172.50881958007812,
                "h": 121.44346618652344,
                "theta": 174.03550720214844
            },
            "height": 494,
            "width": 640
        },
        {
            "geometryType": "obb",
            "obb": {
                "xc": 409.0000305175781,
                "yc": 231.50001525878906,
                "w": 200.67062377929688,
                "h": 129.16769409179688,
                "theta": 5.25380277633667
            },
            "height": 494,
            "width": 640
        },
        {
            "geometryType": "obb",
            "obb": {
                "xc": 238.15835571289062,
                "yc": 245.37661743164062,
                "w": 174.02053833007812,
                "h": 54.58296585083008,
                "theta": 172.4505844116211
            },
            "height": 494,
            "width": 640
        },
        {
            "geometryType": "obb",
            "obb": {
                "xc": 420.4044189453125,
                "yc": 312.0789489746094,
                "w": 167.576904296875,
                "h": 50.22761535644531,
                "theta": 8.478551864624023
            },
            "height": 494,
            "width": 640
        }
    ]
}