{
    "objects": [
        {
            "geometryType": "obb",
            "obb": {
                "xc": 425.8158874511719,
                "yc": 129.08270263671875,
                "w": 179.36300659179688,
                "h": 63.92430877685547,
                "theta": 159.13065338134766
            },
            "height": 767,
            "width": 1024
        },
        {
            "geometryType": "obb",
            "obb": {
                "xc": 557.5,
                "yc": 106.0,
                "w": 63.0,
                "h": 42.0,
                "theta": -0.0
            },
            "height": 767,
            "width": 1024
        },
        {
            "geometryType": "obb",
            "obb": {
                "xc": 739.1685791015625,
                "yc": 152.85113525390625,
                "w": 309.75341796875,
                "h": 71.84656524658203,
                "theta": 26.919269561767578
            },
            "height": 767,
            "width": 1024
        }
    ]
}