{
    "objects": [
        {
            "geometryType": "obb",
            "obb": {
                "xc": 396.8948974609375,
                "yc": 56.63465118408203,
                "w": 421.3569030761719,
                "h": 85.45330810546875,
                "theta": 5.958327293395996
            },
            "height": 953,
            "width": 757
        },
        {
            "geometryType": "obb",
            "obb": {
                "xc": 381.7267150878906,
                "yc": 165.9267578125,
                "w": 676.9411010742188,
                "h": 93.14505004882812,
                "theta": 3.630213975906372
            },
            "height": 953,
            "width": 757
        }
    ]
}