{
    "objects": [
        {
            "geometryType": "obb",
            "obb": {
                "xc": 254.68832397460938,
                "yc": 71.63211822509766,
                "w": 244.6078643798828,
                "h": 44.89445114135742,
                "theta": 173.41805267333984
            },
            "height": 448,
            "width": 600
        },
        {
            "geometryType": "obb",
            "obb": {
                "xc": 427.85003662109375,
                "yc": 81.45001220703125,
                "w": 85.3814926147461,
                "h": 22.452171325683594,
                "theta": 18.434947967529297
            },
            "height": 448,
            "width": 600
        },
        {
            "geometryType": "obb",
            "obb": {
                "xc": 252.3128662109375,
                "yc": 143.26014709472656,
                "w": 148.08616638183594,
                "h": 47.801570892333984,
                "theta": 9.162347793579102
            },
            "height": 448,
            "width": 600
        },
        {
            "geometryType": "obb",
            "obb": {
                "xc": 386.0708312988281,
                "yc": 140.40574645996094,
                "w": 103.64439392089844,
                "h": 42.56166076660156,
                "theta": 168.88695526123047
            },
            "height": 448,
            "width": 600
        }
    ]
}