{
    "objects": [
        {
            "geometryType": "obb",
            "obb": {
                "xc": 186.06942749023438,
                "yc": 627.663818359375,
                "w": 433.586669921875,
                "h": 195.66464233398438,
                "theta": 104.94346332550049
            },
            "height": 1600,
            "width": 1200
        },
        {
            "geometryType": "obb",
            "obb": {
                "xc": 683.0047607421875,
                "yc": 383.59783935546875,
                "w": 780.9002685546875,
                "h": 335.33392333984375,
                "theta": 13.282395362854004
            },
            "height": 1600,
            "width": 1200
        },
        {
            "geometryType": "obb",
            "obb": {
                "xc": 1041.66943359375,
                "yc": 716.6593017578125,
                "w": 258.37445068359375,
                "h": 223.20648193359375,
                "theta": 87.48863983154297
            },
            "height": 1600,
            "width": 1200
        },
        {
            "geometryType": "obb",
            "obb": {
                "xc": 571.4514770507812,
                "yc": 665.0905151367188,
                "w": 466.01715087890625,
                "h": 338.1935119628906,
                "theta": 179.5082015991211
            },
            "height": 1600,
            "width": 1200
        }
    ]
}