{
    "objects": [
        {
            "geometryType": "obb",
            "obb": {
                "xc": 198.18377685546875,
                "yc": 102.0973129272461,
                "w": 59.69943618774414,
                "h": 41.46611022949219,
                "theta": 162.89727020263672
            },
            "height": 400,
            "width": 904
        },
        {
            "geometryType": "obb",
            "obb": {
                "xc": 400.8785400390625,
                "yc": 80.88682556152344,
                "w": 336.46075439453125,
                "h": 77.86823272705078,
                "theta": 1.7899105548858643
            },
            "height": 400,
            "width": 904
        },
        {
            "geometryType": "obb",
            "obb": {
                "xc": 743.9432373046875,
                "yc": 258.64056396484375,
                "w": 102.10350036621094,
                "h": 20.898984909057617,
                "theta": 171.02737426757812
            },
            "height": 400,
            "width": 904
        },
        {
            "geometryType": "obb",
            "obb": {
                "xc": 831.74853515625,
                "yc": 246.11558532714844,
                "w": 46.75758743286133,
                "h": 24.177093505859375,
                "theta": 171.25383758544922
            },
            "height": 400,
            "width": 904
        }
    ]
}