{
    "objects": [
        {
            "geometryType": "obb",
            "obb": {
                "xc": 692.8208618164062,
                "yc": 339.59210205078125,
                "w": 121.26091003417969,
                "h": 51.53032684326172,
                "theta": 159.14553833007812
            },
            "height": 1328,
            "width": 2000
        },
        {
            "geometryType": "obb",
            "obb": {
                "xc": 870.7440185546875,
                "yc": 341.8880920410156,
                "w": 229.96104431152344,
                "h": 63.10985565185547,
                "theta": 19.12761116027832
            },
            "height": 1328,
            "width": 2000
        }
    ]
}