{
    "objects": [
        {
            "geometryType": "obb",
            "obb": {
                "xc": 256.5,
                "yc": 176.0,
                "w": 169.0,
                "h": 42.0,
                "theta": -0.0
            },
            "height": 342,
            "width": 500
        },
        {
            "geometryType": "obb",
            "obb": {
                "xc": 215.02154541015625,
                "yc": 220.3876953125,
                "w": 47.038578033447266,
                "h": 20.080148696899414,
                "theta": 176.8201675415039
            },
            "height": 342,
            "width": 500
        },
        {
            "geometryType": "obb",
            "obb": {
                "xc": 284.00634765625,
                "yc": 218.4061737060547,
                "w": 85.70828247070312,
                "h": 21.528621673583984,
                "theta": 179.10482788085938
            },
            "height": 342,
            "width": 500
        }
    ]
}