{
    "objects": [
        {
            "geometryType": "obb",
            "obb": {
                "xc": 202.5762176513672,
                "yc": 97.99357604980469,
                "w": 273.9271240234375,
                "h": 87.91397094726562,
                "theta": 178.87116241455078
            },
            "height": 600,
            "width": 400
        },
        {
            "geometryType": "obb",
            "obb": {
                "xc": 199.6092071533203,
                "yc": 325.99578857421875,
                "w": 261.0019226074219,
                "h": 56.99191665649414,
                "theta": 179.78048706054688
            },
            "height": 600,
            "width": 400
        }
    ]
}