{
    "objects": [
        {
            "geometryType": "obb",
            "obb": {
                "xc": 504.2383728027344,
                "yc": 686.11376953125,
                "w": 410.3887634277344,
                "h": 117.95541381835938,
                "theta": 154.40897369384766
            },
            "height": 960,
            "width": 1280
        }
    ]
}