{
    "objects": [
        {
            "geometryType": "obb",
            "obb": {
                "xc": 124.12774658203125,
                "yc": 200.16705322265625,
                "w": 94.20149993896484,
                "h": 29.29778480529785,
                "theta": 142.59464263916016
            },
            "height": 480,
            "width": 640
        },
        {
            "geometryType": "obb",
            "obb": {
                "xc": 363.36676025390625,
                "yc": 177.01470947265625,
                "w": 390.0466613769531,
                "h": 77.54457092285156,
                "theta": 10.898725509643555
            },
            "height": 480,
            "width": 640
        },
        {
            "geometryType": "obb",
            "obb": {
                "xc": 309.2518310546875,
                "yc": 355.2599792480469,
                "w": 443.00091552734375,
                "h": 99.47807312011719,
                "theta": 0.7578365206718445
            },
            "height": 480,
            "width": 640
        }
    ]
}