{
    "objects": [
        {
            "geometryType": "obb",
            "obb": {
                "xc": 394.4986572265625,
                "yc": 88.66525268554688,
                "w": 280.6070556640625,
                "h": 95.2455062866211,
                "theta": 1.8933857679367065
            },
            "height": 768,
            "width": 576
        },
        {
            "geometryType": "obb",
            "obb": {
                "xc": 155.49835205078125,
                "yc": 212.18582153320312,
                "w": 155.3656005859375,
                "h": 40.99839401245117,
                "theta": 0.507029116153717
            },
            "height": 768,
            "width": 576
        },
        {
            "geometryType": "obb",
            "obb": {
                "xc": 318.51287841796875,
                "yc": 213.8675994873047,
                "w": 147.8059539794922,
                "h": 39.25712966918945,
                "theta": 1.1691393852233887
            },
            "height": 768,
            "width": 576
        },
        {
            "geometryType": "obb",
            "obb": {
                "xc": 448.99493408203125,
                "yc": 219.75244140625,
                "w": 100.7673110961914,
                "h": 37.47719955444336,
                "theta": 1.1573330163955688
            },
            "height": 768,
            "width": 576
        }
    ]
}