{
    "objects": [
        {
            "geometryType": "obb",
            "obb": {
                "xc": 483.5745849609375,
                "yc": 219.35755920410156,
                "w": 878.8120727539062,
                "h": 402.3036804199219,
                "theta": 2.180549383163452
            },
            "height": 893,
            "width": 1280
        },
        {
            "geometryType": "obb",
            "obb": {
                "xc": 433.9984436035156,
                "yc": 434.3235778808594,
                "w": 278.4084167480469,
                "h": 83.28330993652344,
                "theta": 0.28085944056510925
            },
            "height": 893,
            "width": 1280
        },
        {
            "geometryType": "obb",
            "obb": {
                "xc": 500.30255126953125,
                "yc": 698.0699462890625,
                "w": 910.0542602539062,
                "h": 349.146484375,
                "theta": 2.1055145263671875
            },
            "height": 893,
            "width": 1280
        }
    ]
}