{
    "objects": [
        {
            "geometryType": "obb",
            "obb": {
                "xc": 106.40879821777344,
                "yc": 88.96086883544922,
                "w": 49.13292694091797,
                "h": 13.868727684020996,
                "theta": 2.6630005836486816
            },
            "height": 240,
            "width": 180
        }
    ]
}