{
    "objects": [
        {
            "geometryType": "obb",
            "obb": {
                "xc": 48.217201232910156,
                "yc": 73.00801086425781,
                "w": 74.26679229736328,
                "h": 27.813142776489258,
                "theta": 114.94390678405762
            },
            "height": 300,
            "width": 200
        },
        {
            "geometryType": "obb",
            "obb": {
                "xc": 101.03016662597656,
                "yc": 47.35845184326172,
                "w": 72.39313507080078,
                "h": 33.769935607910156,
                "theta": 18.74134063720703
            },
            "height": 300,
            "width": 200
        },
        {
            "geometryType": "obb",
            "obb": {
                "xc": 141.74203491210938,
                "yc": 85.72293090820312,
                "w": 36.00442123413086,
                "h": 21.21890640258789,
                "theta": 73.61045837402344
            },
            "height": 300,
            "width": 200
        }
    ]
}