{
    "objects": [
        {
            "geometryType": "obb",
            "obb": {
                "xc": 301.6396789550781,
                "yc": 232.90049743652344,
                "w": 113.74093627929688,
                "h": 46.03657913208008,
                "theta": 122.42755508422852
            },
            "height": 480,
            "width": 640
        },
        {
            "geometryType": "obb",
            "obb": {
                "xc": 437.6703186035156,
                "yc": 217.73495483398438,
                "w": 171.48626708984375,
                "h": 62.32674026489258,
                "theta": 41.22453689575195
            },
            "height": 480,
            "width": 640
        },
        {
            "geometryType": "obb",
            "obb": {
                "xc": 384.9466857910156,
                "yc": 378.2532653808594,
                "w": 176.08346557617188,
                "h": 61.50568771362305,
                "theta": 0.42128488421440125
            },
            "height": 480,
            "width": 640
        }
    ]
}