{
    "objects": [
        {
            "geometryType": "obb",
            "obb": {
                "xc": 741.3182373046875,
                "yc": 266.4971618652344,
                "w": 717.44970703125,
                "h": 254.7627410888672,
                "theta": 178.70484161376953
            },
            "height": 1064,
            "width": 1600
        },
        {
            "geometryType": "obb",
            "obb": {
                "xc": 744.772705078125,
                "yc": 454.6790466308594,
                "w": 514.9594116210938,
                "h": 122.47305297851562,
                "theta": 173.42388153076172
            },
            "height": 1064,
            "width": 1600
        }
    ]
}