{
    "objects": [
        {
            "geometryType": "obb",
            "obb": {
                "xc": 246.2357635498047,
                "yc": 86.54701232910156,
                "w": 202.62344360351562,
                "h": 67.04037475585938,
                "theta": 174.7760467529297
            },
            "height": 273,
            "width": 500
        }
    ]
}