{
    "objects": [
        {
            "geometryType": "obb",
            "obb": {
                "xc": 148.39208984375,
                "yc": 180.88119506835938,
                "w": 273.0313415527344,
                "h": 79.4705581665039,
                "theta": 168.97046661376953
            },
            "height": 435,
            "width": 640
        },
        {
            "geometryType": "obb",
            "obb": {
                "xc": 474.707763671875,
                "yc": 245.2057647705078,
                "w": 327.52490234375,
                "h": 174.04168701171875,
                "theta": 41.10628890991211
            },
            "height": 435,
            "width": 640
        }
    ]
}