{
    "objects": [
        {
            "geometryType": "obb",
            "obb": {
                "xc": 719.84912109375,
                "yc": 172.885986328125,
                "w": 544.8351440429688,
                "h": 171.0028533935547,
                "theta": 0.29157906770706177
            },
            "height": 941,
            "width": 994
        },
        {
            "geometryType": "obb",
            "obb": {
                "xc": 307.6300964355469,
                "yc": 355.41510009765625,
                "w": 438.3838195800781,
                "h": 166.62869262695312,
                "theta": 171.29116821289062
            },
            "height": 941,
            "width": 994
        },
        {
            "geometryType": "obb",
            "obb": {
                "xc": 306.19195556640625,
                "yc": 679.5158081054688,
                "w": 360.10797119140625,
                "h": 112.9356918334961,
                "theta": 179.6075668334961
            },
            "height": 941,
            "width": 994
        }
    ]
}