{
    "objects": [
        {
            "geometryType": "obb",
            "obb": {
                "xc": 321.177978515625,
                "yc": 588.1453247070312,
                "w": 391.32891845703125,
                "h": 153.60635375976562,
                "theta": 171.50814819335938
            },
            "height": 960,
            "width": 1280
        },
        {
            "geometryType": "obb",
            "obb": {
                "xc": 586.5,
                "yc": 564.5001220703125,
                "w": 131.00799560546875,
                "h": 72.65608215332031,
                "theta": 81.6070785522461
            },
            "height": 960,
            "width": 1280
        },
        {
            "geometryType": "obb",
            "obb": {
                "xc": 809.11083984375,
                "yc": 561.0510864257812,
                "w": 322.2141418457031,
                "h": 138.20191955566406,
                "theta": 3.399714231491089
            },
            "height": 960,
            "width": 1280
        }
    ]
}