{
    "objects": [
        {
            "geometryType": "obb",
            "obb": {
                "xc": 220.71298217773438,
                "yc": 107.14947509765625,
                "w": 153.7992401123047,
                "h": 51.71443557739258,
                "theta": 2.4716646671295166
            },
            "height": 302,
            "width": 463
        },
        {
            "geometryType": "obb",
            "obb": {
                "xc": 138.31036376953125,
                "yc": 163.22415161132812,
                "w": 88.01959991455078,
                "h": 40.66728591918945,
                "theta": 21.801410675048828
            },
            "height": 302,
            "width": 463
        },
        {
            "geometryType": "obb",
            "obb": {
                "xc": 281.8450012207031,
                "yc": 184.5256805419922,
                "w": 195.84054565429688,
                "h": 43.16712188720703,
                "theta": 178.72696685791016
            },
            "height": 302,
            "width": 463
        }
    ]
}