{
    "objects": [
        {
            "geometryType": "obb",
            "obb": {
                "xc": 79.96206665039062,
                "yc": 64.04483032226562,
                "w": 53.39824676513672,
                "h": 18.68523406982422,
                "theta": 175.2363510131836
            },
            "height": 240,
            "width": 180
        },
        {
            "geometryType": "obb",
            "obb": {
                "xc": 82.0,
                "yc": 122.5,
                "w": 103.0,
                "h": 20.0,
                "theta": 90.0
            },
            "height": 240,
            "width": 180
        },
        {
            "geometryType": "obb",
            "obb": {
                "xc": 84.09584045410156,
                "yc": 182.6558837890625,
                "w": 47.675880432128906,
                "h": 20.830585479736328,
                "theta": 170.21759033203125
            },
            "height": 240,
            "width": 180
        }
    ]
}