{
    "objects": [
        {
            "geometryType": "obb",
            "obb": {
                "xc": 348.87872314453125,
                "yc": 142.76695251464844,
                "w": 321.9779968261719,
                "h": 109.46955871582031,
                "theta": 178.88544464111328
            },
            "height": 640,
            "width": 619
        },
        {
            "geometryType": "obb",
            "obb": {
                "xc": 353.9840087890625,
                "yc": 277.9119873046875,
                "w": 411.4365234375,
                "h": 161.17578125,
                "theta": 169.69515228271484
            },
            "height": 640,
            "width": 619
        },
        {
            "geometryType": "obb",
            "obb": {
                "xc": 344.796630859375,
                "yc": 463.7337951660156,
                "w": 352.0561218261719,
                "h": 120.52037048339844,
                "theta": 0.6389599442481995
            },
            "height": 640,
            "width": 619
        }
    ]
}