{
    "objects": [
        {
            "geometryType": "obb",
            "obb": {
                "xc": 589.9605712890625,
                "yc": 299.51007080078125,
                "w": 558.0340576171875,
                "h": 171.00051879882812,
                "theta": 179.74815368652344
            },
            "height": 977,
            "width": 1280
        },
        {
            "geometryType": "obb",
            "obb": {
                "xc": 605.4940185546875,
                "yc": 616.5206298828125,
                "w": 1024.1849365234375,
                "h": 164.0561981201172,
                "theta": 0.33835697174072266
            },
            "height": 977,
            "width": 1280
        },
        {
            "geometryType": "obb",
            "obb": {
                "xc": 238.08372497558594,
                "yc": 843.0017700195312,
                "w": 393.4425048828125,
                "h": 148.23974609375,
                "theta": 1.1997361183166504
            },
            "height": 977,
            "width": 1280
        },
        {
            "geometryType": "obb",
            "obb": {
                "xc": 904.9945068359375,
                "yc": 858.2410888671875,
                "w": 461.4114074707031,
                "h": 146.53396606445312,
                "theta": 0.2535194754600525
            },
            "height": 977,
            "width": 1280
        }
    ]
}