{
    "objects": [
        {
            "geometryType": "obb",
            "obb": {
                "xc": 236.55001831054688,
                "yc": 253.34999084472656,
                "w": 75.26220703125,
                "h": 21.187259674072266,
                "theta": 18.434947967529297
            },
            "height": 370,
            "width": 600
        },
        {
            "geometryType": "obb",
            "obb": {
                "xc": 303.3846130371094,
                "yc": 234.0769500732422,
                "w": 71.57238006591797,
                "h": 18.969369888305664,
                "theta": 132.27368545532227
            },
            "height": 370,
            "width": 600
        },
        {
            "geometryType": "obb",
            "obb": {
                "xc": 243.50827026367188,
                "yc": 182.2318572998047,
                "w": 176.03060913085938,
                "h": 48.54047393798828,
                "theta": 177.95458984375
            },
            "height": 370,
            "width": 600
        },
        {
            "geometryType": "obb",
            "obb": {
                "xc": 199.5,
                "yc": 222.00001525878906,
                "w": 27.098873138427734,
                "h": 15.831958770751953,
                "theta": 60.945396423339844
            },
            "height": 370,
            "width": 600
        }
    ]
}