{
    "objects": [
        {
            "geometryType": "obb",
            "obb": {
                "xc": 234.60089111328125,
                "yc": 258.4415588378906,
                "w": 414.7991027832031,
                "h": 138.34120178222656,
                "theta": 162.8050308227539
            },
            "height": 960,
            "width": 1280
        },
        {
            "geometryType": "obb",
            "obb": {
                "xc": 568.272216796875,
                "yc": 329.6612548828125,
                "w": 305.9375,
                "h": 102.36859130859375,
                "theta": 48.75172805786133
            },
            "height": 960,
            "width": 1280
        },
        {
            "geometryType": "obb",
            "obb": {
                "xc": 248.93260192871094,
                "yc": 667.8506469726562,
                "w": 470.8088684082031,
                "h": 139.25833129882812,
                "theta": 30.333581924438477
            },
            "height": 960,
            "width": 1280
        },
        {
            "geometryType": "obb",
            "obb": {
                "xc": 555.5206909179688,
                "yc": 661.5673828125,
                "w": 196.6426239013672,
                "h": 84.27696228027344,
                "theta": 140.27389907836914
            },
            "height": 960,
            "width": 1280
        }
    ]
}