{
    "objects": [
        {
            "geometryType": "obb",
            "obb": {
                "xc": 387.18280029296875,
                "yc": 136.30690002441406,
                "w": 171.15673828125,
                "h": 65.85506439208984,
                "theta": 4.763641834259033
            },
            "height": 400,
            "width": 640
        },
        {
            "geometryType": "obb",
            "obb": {
                "xc": 383.9701232910156,
                "yc": 164.5985107421875,
                "w": 76.80406188964844,
                "h": 16.878915786743164,
                "theta": 2.862405300140381
            },
            "height": 400,
            "width": 640
        },
        {
            "geometryType": "obb",
            "obb": {
                "xc": 381.4298400878906,
                "yc": 187.11270141601562,
                "w": 112.66808319091797,
                "h": 25.184207916259766,
                "theta": 3.608468770980835
            },
            "height": 400,
            "width": 640
        }
    ]
}