{
    "objects": [
        {
            "geometryType": "obb",
            "obb": {
                "xc": 536.6160278320312,
                "yc": 281.467529296875,
                "w": 204.09344482421875,
                "h": 71.85006713867188,
                "theta": 12.967083930969238
            },
            "height": 768,
            "width": 1024
        },
        {
            "geometryType": "obb",
            "obb": {
                "xc": 530.673828125,
                "yc": 371.9253845214844,
                "w": 258.7121887207031,
                "h": 60.438045501708984,
                "theta": 12.888184547424316
            },
            "height": 768,
            "width": 1024
        },
        {
            "geometryType": "obb",
            "obb": {
                "xc": 532.2791748046875,
                "yc": 470.8850402832031,
                "w": 170.82833862304688,
                "h": 65.80669403076172,
                "theta": 9.05788803100586
            },
            "height": 768,
            "width": 1024
        }
    ]
}