{
    "objects": [
        {
            "geometryType": "obb",
            "obb": {
                "xc": 819.92919921875,
                "yc": 431.71490478515625,
                "w": 1279.5777587890625,
                "h": 332.86309814453125,
                "theta": 174.05097198486328
            },
            "height": 1125,
            "width": 1687
        },
        {
            "geometryType": "obb",
            "obb": {
                "xc": 726.5421142578125,
                "yc": 740.538818359375,
                "w": 710.251220703125,
                "h": 216.53958129882812,
                "theta": 177.6829376220703
            },
            "height": 1125,
            "width": 1687
        }
    ]
}