{
    "objects": [
        {
            "geometryType": "obb",
            "obb": {
                "xc": 349.9676208496094,
                "yc": 210.12210083007812,
                "w": 134.77764892578125,
                "h": 89.0232925415039,
                "theta": 168.26691436767578
            },
            "height": 553,
            "width": 1280
        },
        {
            "geometryType": "obb",
            "obb": {
                "xc": 622.337158203125,
                "yc": 184.45684814453125,
                "w": 404.4069519042969,
                "h": 94.78789520263672,
                "theta": 1.748945951461792
            },
            "height": 553,
            "width": 1280
        },
        {
            "geometryType": "obb",
            "obb": {
                "xc": 900.470703125,
                "yc": 212.61766052246094,
                "w": 137.03260803222656,
                "h": 81.97704315185547,
                "theta": 14.03624439239502
            },
            "height": 553,
            "width": 1280
        }
    ]
}