{
    "objects": [
        {
            "geometryType": "obb",
            "obb": {
                "xc": 311.18780517578125,
                "yc": 217.96102905273438,
                "w": 307.44525146484375,
                "h": 118.72306060791016,
                "theta": 6.282492160797119
            },
            "height": 572,
            "width": 618
        },
        {
            "geometryType": "obb",
            "obb": {
                "xc": 346.9471435546875,
                "yc": 282.98028564453125,
                "w": 123.31422424316406,
                "h": 93.6188735961914,
                "theta": 2.0454084873199463
            },
            "height": 572,
            "width": 618
        },
        {
            "geometryType": "obb",
            "obb": {
                "xc": 308.123046875,
                "yc": 372.40631103515625,
                "w": 266.57843017578125,
                "h": 88.84774017333984,
                "theta": 2.5224123001098633
            },
            "height": 572,
            "width": 618
        },
        {
            "geometryType": "obb",
            "obb": {
                "xc": 247.7815399169922,
                "yc": 282.43231201171875,
                "w": 81.09716796875,
                "h": 68.06171417236328,
                "theta": 93.1798300743103
            },
            "height": 572,
            "width": 618
        }
    ]
}