{
    "objects": [
        {
            "geometryType": "obb",
            "obb": {
                "xc": 160.99356079101562,
                "yc": 457.6182861328125,
                "w": 180.4496612548828,
                "h": 64.42390441894531,
                "theta": 4.796799182891846
            },
            "height": 517,
            "width": 428
        }
    ]
}