{
    "objects": [
        {
            "geometryType": "obb",
            "obb": {
                "xc": 169.41146850585938,
                "yc": 236.95513916015625,
                "w": 214.32589721679688,
                "h": 101.81966400146484,
                "theta": 139.3594093322754
            },
            "height": 480,
            "width": 640
        },
        {
            "geometryType": "obb",
            "obb": {
                "xc": 440.0630187988281,
                "yc": 241.61904907226562,
                "w": 317.31451416015625,
                "h": 120.3493881225586,
                "theta": 38.897220611572266
            },
            "height": 480,
            "width": 640
        },
        {
            "geometryType": "obb",
            "obb": {
                "xc": 97.00000762939453,
                "yc": 335.5000305175781,
                "w": 55.09833908081055,
                "h": 38.950904846191406,
                "theta": 105.15406799316406
            },
            "height": 480,
            "width": 640
        },
        {
            "geometryType": "obb",
            "obb": {
                "xc": 282.41357421875,
                "yc": 179.98681640625,
                "w": 40.479339599609375,
                "h": 37.817508697509766,
                "theta": 166.86598205566406
            },
            "height": 480,
            "width": 640
        }
    ]
}