{
    "objects": [
        {
            "geometryType": "obb",
            "obb": {
                "xc": 342.427001953125,
                "yc": 308.29302978515625,
                "w": 179.7397003173828,
                "h": 72.15357208251953,
                "theta": 29.611530303955078
            },
            "height": 768,
            "width": 1024
        },
        {
            "geometryType": "obb",
            "obb": {
                "xc": 486.6351013183594,
                "yc": 341.0393371582031,
                "w": 90.33918762207031,
                "h": 55.4945068359375,
                "theta": 173.8533706665039
            },
            "height": 768,
            "width": 1024
        },
        {
            "geometryType": "obb",
            "obb": {
                "xc": 596.2320556640625,
                "yc": 305.3561706542969,
                "w": 117.08450317382812,
                "h": 50.3335075378418,
                "theta": 150.3269157409668
            },
            "height": 768,
            "width": 1024
        }
    ]
}