{
    "objects": [
        {
            "geometryType": "obb",
            "obb": {
                "xc": 746.1925659179688,
                "yc": 248.79354858398438,
                "w": 311.8458251953125,
                "h": 112.42255401611328,
                "theta": 123.88406753540039
            },
            "height": 835,
            "width": 1280
        },
        {
            "geometryType": "obb",
            "obb": {
                "xc": 982.4422607421875,
                "yc": 229.26547241210938,
                "w": 255.51022338867188,
                "h": 118.28672790527344,
                "theta": 51.292362213134766
            },
            "height": 835,
            "width": 1280
        },
        {
            "geometryType": "obb",
            "obb": {
                "xc": 751.9779663085938,
                "yc": 535.423095703125,
                "w": 210.69677734375,
                "h": 99.57310485839844,
                "theta": 41.516727447509766
            },
            "height": 835,
            "width": 1280
        },
        {
            "geometryType": "obb",
            "obb": {
                "xc": 960.8837890625,
                "yc": 503.4406433105469,
                "w": 285.3315124511719,
                "h": 122.33578491210938,
                "theta": 130.85016632080078
            },
            "height": 835,
            "width": 1280
        }
    ]
}