{
    "objects": [
        {
            "geometryType": "obb",
            "obb": {
                "xc": 328.0999450683594,
                "yc": 123.29998779296875,
                "w": 400.65997314453125,
                "h": 167.7967987060547,
                "theta": 176.8201675415039
            },
            "height": 930,
            "width": 1280
        },
        {
            "geometryType": "obb",
            "obb": {
                "xc": 331.5438537597656,
                "yc": 447.6626892089844,
                "w": 369.07427978515625,
                "h": 136.529296875,
                "theta": 179.39690399169922
            },
            "height": 930,
            "width": 1280
        }
    ]
}