{
    "objects": [
        {
            "geometryType": "obb",
            "obb": {
                "xc": 96.69178771972656,
                "yc": 207.32192993164062,
                "w": 74.32113647460938,
                "h": 38.50654220581055,
                "theta": 110.55604553222656
            },
            "height": 500,
            "width": 500
        },
        {
            "geometryType": "obb",
            "obb": {
                "xc": 156.46621704101562,
                "yc": 130.45269775390625,
                "w": 103.46038818359375,
                "h": 33.130577087402344,
                "theta": 144.46232223510742
            },
            "height": 500,
            "width": 500
        },
        {
            "geometryType": "obb",
            "obb": {
                "xc": 248.3739013671875,
                "yc": 98.60841369628906,
                "w": 91.13104248046875,
                "h": 34.656402587890625,
                "theta": 176.18592071533203
            },
            "height": 500,
            "width": 500
        },
        {
            "geometryType": "obb",
            "obb": {
                "xc": 373.4723205566406,
                "yc": 159.14498901367188,
                "w": 179.39126586914062,
                "h": 46.223514556884766,
                "theta": 48.67449951171875
            },
            "height": 500,
            "width": 500
        }
    ]
}