{
    "objects": [
        {
            "geometryType": "obb",
            "obb": {
                "xc": 119.62293243408203,
                "yc": 296.45794677734375,
                "w": 41.652015686035156,
                "h": 15.275975227355957,
                "theta": 55.17551040649414
            },
            "height": 374,
            "width": 443
        },
        {
            "geometryType": "obb",
            "obb": {
                "xc": 151.6540069580078,
                "yc": 303.6825256347656,
                "w": 58.49217987060547,
                "h": 23.812456130981445,
                "theta": 139.84400177001953
            },
            "height": 374,
            "width": 443
        }
    ]
}