{
    "objects": [
        {
            "geometryType": "obb",
            "obb": {
                "xc": 140.34072875976562,
                "yc": 363.6083068847656,
                "w": 250.63314819335938,
                "h": 173.57208251953125,
                "theta": 70.98297119140625
            },
            "height": 682,
            "width": 1024
        },
        {
            "geometryType": "obb",
            "obb": {
                "xc": 412.68505859375,
                "yc": 207.57144165039062,
                "w": 440.9344177246094,
                "h": 179.5590362548828,
                "theta": 173.99947357177734
            },
            "height": 682,
            "width": 1024
        },
        {
            "geometryType": "obb",
            "obb": {
                "xc": 821.767822265625,
                "yc": 307.1618957519531,
                "w": 357.8282470703125,
                "h": 209.1107635498047,
                "theta": 32.21654510498047
            },
            "height": 682,
            "width": 1024
        },
        {
            "geometryType": "obb",
            "obb": {
                "xc": 508.38690185546875,
                "yc": 407.49298095703125,
                "w": 573.0226440429688,
                "h": 101.7223129272461,
                "theta": 179.86058807373047
            },
            "height": 682,
            "width": 1024
        }
    ]
}