{
    "objects": [
        {
            "geometryType": "obb",
            "obb": {
                "xc": 357.5722961425781,
                "yc": 133.19924926757812,
                "w": 567.1749877929688,
                "h": 224.35830688476562,
                "theta": 2.0357227325439453
            },
            "height": 1000,
            "width": 701
        },
        {
            "geometryType": "obb",
            "obb": {
                "xc": 207.54830932617188,
                "yc": 585.5371704101562,
                "w": 313.4522399902344,
                "h": 119.44233703613281,
                "theta": 37.56859588623047
            },
            "height": 1000,
            "width": 701
        },
        {
            "geometryType": "obb",
            "obb": {
                "xc": 529.05859375,
                "yc": 568.9277954101562,
                "w": 259.5423583984375,
                "h": 102.26656341552734,
                "theta": 139.48841857910156
            },
            "height": 1000,
            "width": 701
        }
    ]
}