{
    "objects": [
        {
            "geometryType": "obb",
            "obb": {
                "xc": 641.9747314453125,
                "yc": 488.0462951660156,
                "w": 138.52066040039062,
                "h": 46.26144027709961,
                "theta": 174.95755004882812
            },
            "height": 960,
            "width": 1280
        },
        {
            "geometryType": "obb",
            "obb": {
                "xc": 754.9446411132812,
                "yc": 511.2712707519531,
                "w": 98.86300659179688,
                "h": 36.11328125,
                "theta": 31.39027214050293
            },
            "height": 960,
            "width": 1280
        },
        {
            "geometryType": "obb",
            "obb": {
                "xc": 881.0001220703125,
                "yc": 411.0000305175781,
                "w": 62.80772018432617,
                "h": 41.511322021484375,
                "theta": 16.927513122558594
            },
            "height": 960,
            "width": 1280
        }
    ]
}