{
    "objects": [
        {
            "geometryType": "obb",
            "obb": {
                "xc": 140.48988342285156,
                "yc": 261.74957275390625,
                "w": 85.21377563476562,
                "h": 29.43527603149414,
                "theta": 2.321530818939209
            },
            "height": 396,
            "width": 593
        },
        {
            "geometryType": "obb",
            "obb": {
                "xc": 139.5,
                "yc": 306.9999694824219,
                "w": 54.99999237060547,
                "h": 25.999996185302734,
                "theta": 0.0
            },
            "height": 396,
            "width": 593
        },
        {
            "geometryType": "obb",
            "obb": {
                "xc": 99.9460678100586,
                "yc": 331.0663146972656,
                "w": 42.37966537475586,
                "h": 24.223724365234375,
                "theta": 5.440331935882568
            },
            "height": 396,
            "width": 593
        },
        {
            "geometryType": "obb",
            "obb": {
                "xc": 169.4119873046875,
                "yc": 338.84503173828125,
                "w": 93.41124725341797,
                "h": 21.07347869873047,
                "theta": 5.946863174438477
            },
            "height": 396,
            "width": 593
        }
    ]
}