{
    "objects": [
        {
            "geometryType": "obb",
            "obb": {
                "xc": 217.67315673828125,
                "yc": 178.25198364257812,
                "w": 157.33290100097656,
                "h": 47.39467239379883,
                "theta": 178.53119659423828
            },
            "height": 270,
            "width": 400
        }
    ]
}