{
    "objects": [
        {
            "geometryType": "obb",
            "obb": {
                "xc": 301.6715393066406,
                "yc": 650.8665771484375,
                "w": 165.8367462158203,
                "h": 56.719791412353516,
                "theta": 36.6656379699707
            },
            "height": 1280,
            "width": 720
        },
        {
            "geometryType": "obb",
            "obb": {
                "xc": 460.05780029296875,
                "yc": 706.9157104492188,
                "w": 108.89952850341797,
                "h": 49.436058044433594,
                "theta": 7.883139610290527
            },
            "height": 1280,
            "width": 720
        },
        {
            "geometryType": "obb",
            "obb": {
                "xc": 351.9265441894531,
                "yc": 739.7523193359375,
                "w": 270.14385986328125,
                "h": 78.94749450683594,
                "theta": 21.390527725219727
            },
            "height": 1280,
            "width": 720
        }
    ]
}