{
    "objects": [
        {
            "geometryType": "obb",
            "obb": {
                "xc": 248.733154296875,
                "yc": 723.544189453125,
                "w": 573.1326293945312,
                "h": 175.86221313476562,
                "theta": 49.159645080566406
            },
            "height": 1063,
            "width": 1154
        },
        {
            "geometryType": "obb",
            "obb": {
                "xc": 774.560546875,
                "yc": 724.6351928710938,
                "w": 557.4795532226562,
                "h": 198.2404327392578,
                "theta": 131.1102523803711
            },
            "height": 1063,
            "width": 1154
        }
    ]
}