{
    "objects": [
        {
            "geometryType": "obb",
            "obb": {
                "xc": 525.620361328125,
                "yc": 331.20123291015625,
                "w": 238.27352905273438,
                "h": 92.82295989990234,
                "theta": 165.0685806274414
            },
            "height": 726,
            "width": 1084
        },
        {
            "geometryType": "obb",
            "obb": {
                "xc": 500.4331970214844,
                "yc": 493.6209411621094,
                "w": 173.505126953125,
                "h": 54.3801383972168,
                "theta": 28.926427841186523
            },
            "height": 726,
            "width": 1084
        },
        {
            "geometryType": "obb",
            "obb": {
                "xc": 635.3350219726562,
                "yc": 448.55859375,
                "w": 154.8339385986328,
                "h": 52.20866775512695,
                "theta": 117.43972778320312
            },
            "height": 726,
            "width": 1084
        }
    ]
}