{
    "objects": [
        {
            "geometryType": "obb",
            "obb": {
                "xc": 100.89907836914062,
                "yc": 232.9266357421875,
                "w": 199.11268615722656,
                "h": 40.00464630126953,
                "theta": 115.21892356872559
            },
            "height": 333,
            "width": 500
        },
        {
            "geometryType": "obb",
            "obb": {
                "xc": 238.82086181640625,
                "yc": 107.07572174072266,
                "w": 175.6392364501953,
                "h": 49.398738861083984,
                "theta": 168.01248931884766
            },
            "height": 333,
            "width": 500
        },
        {
            "geometryType": "obb",
            "obb": {
                "xc": 384.6158752441406,
                "yc": 175.020263671875,
                "w": 187.47789001464844,
                "h": 57.59804916381836,
                "theta": 64.9164047241211
            },
            "height": 333,
            "width": 500
        }
    ]
}