{
    "objects": [
        {
            "geometryType": "obb",
            "obb": {
                "xc": 371.2599792480469,
                "yc": 196.08969116210938,
                "w": 409.09869384765625,
                "h": 138.18043518066406,
                "theta": 1.1864292621612549
            },
            "height": 450,
            "width": 670
        },
        {
            "geometryType": "obb",
            "obb": {
                "xc": 333.04803466796875,
                "yc": 301.5326843261719,
                "w": 86.27881622314453,
                "h": 49.10969924926758,
                "theta": 177.33700561523438
            },
            "height": 450,
            "width": 670
        },
        {
            "geometryType": "obb",
            "obb": {
                "xc": 440.75225830078125,
                "yc": 293.51190185546875,
                "w": 108.91886138916016,
                "h": 62.0162353515625,
                "theta": 0.5456576347351074
            },
            "height": 450,
            "width": 670
        },
        {
            "geometryType": "obb",
            "obb": {
                "xc": 407.0,
                "yc": 236.0,
                "w": 34.0,
                "h": 32.0,
                "theta": 180.0
            },
            "height": 450,
            "width": 670
        }
    ]
}