{
    "objects": [
        {
            "geometryType": "obb",
            "obb": {
                "xc": 235.1487579345703,
                "yc": 205.53103637695312,
                "w": 391.15338134765625,
                "h": 105.77511596679688,
                "theta": 173.8340606689453
            },
            "height": 1024,
            "width": 1280
        },
        {
            "geometryType": "obb",
            "obb": {
                "xc": 712.4052124023438,
                "yc": 208.0897216796875,
                "w": 245.69090270996094,
                "h": 116.80968475341797,
                "theta": 11.598331451416016
            },
            "height": 1024,
            "width": 1280
        },
        {
            "geometryType": "obb",
            "obb": {
                "xc": 1013.5811157226562,
                "yc": 281.0877380371094,
                "w": 383.67486572265625,
                "h": 123.40840148925781,
                "theta": 17.981430053710938
            },
            "height": 1024,
            "width": 1280
        },
        {
            "geometryType": "obb",
            "obb": {
                "xc": 512.7803955078125,
                "yc": 191.86648559570312,
                "w": 127.24220275878906,
                "h": 88.6657943725586,
                "theta": 9.13017749786377
            },
            "height": 1024,
            "width": 1280
        }
    ]
}