{
    "objects": [
        {
            "geometryType": "obb",
            "obb": {
                "xc": 775.5371704101562,
                "yc": 1656.7005615234375,
                "w": 1088.5950927734375,
                "h": 268.4886474609375,
                "theta": 178.15039825439453
            },
            "height": 2095,
            "width": 2938
        },
        {
            "geometryType": "obb",
            "obb": {
                "xc": 2276.52001953125,
                "yc": 1350.7120361328125,
                "w": 778.3369750976562,
                "h": 247.84271240234375,
                "theta": 5.99161434173584
            },
            "height": 2095,
            "width": 2938
        }
    ]
}