{
    "objects": [
        {
            "geometryType": "obb",
            "obb": {
                "xc": 160.5316162109375,
                "yc": 319.5646057128906,
                "w": 227.0348663330078,
                "h": 33.4033203125,
                "theta": 166.65554809570312
            },
            "height": 429,
            "width": 640
        },
        {
            "geometryType": "obb",
            "obb": {
                "xc": 436.1517333984375,
                "yc": 302.5376892089844,
                "w": 287.0847473144531,
                "h": 37.445518493652344,
                "theta": 5.362232208251953
            },
            "height": 429,
            "width": 640
        }
    ]
}