{
    "objects": [
        {
            "geometryType": "obb",
            "obb": {
                "xc": 269.8439636230469,
                "yc": 207.0010986328125,
                "w": 329.99169921875,
                "h": 79.98380279541016,
                "theta": 179.5936508178711
            },
            "height": 349,
            "width": 540
        }
    ]
}