{
    "objects": [
        {
            "geometryType": "obb",
            "obb": {
                "xc": 1083.1849365234375,
                "yc": 230.86111450195312,
                "w": 128.46792602539062,
                "h": 59.240230560302734,
                "theta": 5.355824947357178
            },
            "height": 933,
            "width": 1400
        },
        {
            "geometryType": "obb",
            "obb": {
                "xc": 1021.7099609375,
                "yc": 348.1644287109375,
                "w": 49.939273834228516,
                "h": 22.069562911987305,
                "theta": 60.461219787597656
            },
            "height": 933,
            "width": 1400
        },
        {
            "geometryType": "obb",
            "obb": {
                "xc": 1064.904052734375,
                "yc": 383.27435302734375,
                "w": 72.67855834960938,
                "h": 29.37295150756836,
                "theta": 8.972625732421875
            },
            "height": 933,
            "width": 1400
        },
        {
            "geometryType": "obb",
            "obb": {
                "xc": 1119.726318359375,
                "yc": 358.5942687988281,
                "w": 67.5144271850586,
                "h": 23.600252151489258,
                "theta": 132.9299659729004
            },
            "height": 933,
            "width": 1400
        }
    ]
}