{
    "objects": [
        {
            "geometryType": "obb",
            "obb": {
                "xc": 641.2992553710938,
                "yc": 211.66993713378906,
                "w": 923.377685546875,
                "h": 233.2997589111328,
                "theta": 179.62698364257812
            },
            "height": 853,
            "width": 1280
        }
    ]
}