{
    "objects": [
        {
            "geometryType": "obb",
            "obb": {
                "xc": 710.0067749023438,
                "yc": 415.0483703613281,
                "w": 1218.1495361328125,
                "h": 481.9661865234375,
                "theta": 17.835464477539062
            },
            "height": 1063,
            "width": 1600
        },
        {
            "geometryType": "obb",
            "obb": {
                "xc": 783.293212890625,
                "yc": 659.2268676757812,
                "w": 757.384033203125,
                "h": 217.17233276367188,
                "theta": 23.0733699798584
            },
            "height": 1063,
            "width": 1600
        }
    ]
}