{
    "objects": [
        {
            "geometryType": "obb",
            "obb": {
                "xc": 651.015380859375,
                "yc": 727.5609741210938,
                "w": 624.744873046875,
                "h": 260.80560302734375,
                "theta": 177.1728744506836
            },
            "height": 1600,
            "width": 1200
        },
        {
            "geometryType": "obb",
            "obb": {
                "xc": 575.5804443359375,
                "yc": 967.046142578125,
                "w": 590.3287353515625,
                "h": 198.78248596191406,
                "theta": 173.74596405029297
            },
            "height": 1600,
            "width": 1200
        }
    ]
}