{
    "objects": [
        {
            "geometryType": "obb",
            "obb": {
                "xc": 767.2183227539062,
                "yc": 1310.274169921875,
                "w": 452.20001220703125,
                "h": 141.17478942871094,
                "theta": 150.73614120483398
            },
            "height": 2448,
            "width": 3264
        },
        {
            "geometryType": "obb",
            "obb": {
                "xc": 1287.35986328125,
                "yc": 1336.5250244140625,
                "w": 603.37255859375,
                "h": 158.2310333251953,
                "theta": 28.559619903564453
            },
            "height": 2448,
            "width": 3264
        },
        {
            "geometryType": "obb",
            "obb": {
                "xc": 1031.6123046875,
                "yc": 1850.1102294921875,
                "w": 887.3263549804688,
                "h": 256.65594482421875,
                "theta": 3.7457261085510254
            },
            "height": 2448,
            "width": 3264
        }
    ]
}