{
    "objects": [
        {
            "geometryType": "obb",
            "obb": {
                "xc": 1744.8267822265625,
                "yc": 1293.0634765625,
                "w": 2515.60400390625,
                "h": 761.91357421875,
                "theta": 4.718650817871094
            },
            "height": 2328,
            "width": 4000
        },
        {
            "geometryType": "obb",
            "obb": {
                "xc": 1801.93994140625,
                "yc": 1604.10498046875,
                "w": 1606.6580810546875,
                "h": 307.6825866699219,
                "theta": 3.0998916625976562
            },
            "height": 2328,
            "width": 4000
        },
        {
            "geometryType": "obb",
            "obb": {
                "xc": 345.8457946777344,
                "yc": 1918.739990234375,
                "w": 666.5883178710938,
                "h": 230.72410583496094,
                "theta": 2.407413959503174
            },
            "height": 2328,
            "width": 4000
        }
    ]
}