{
    "objects": [
        {
            "geometryType": "obb",
            "obb": {
                "xc": 333.29779052734375,
                "yc": 147.7452392578125,
                "w": 155.0115203857422,
                "h": 61.475929260253906,
                "theta": 179.5017852783203
            },
            "height": 346,
            "width": 640
        },
        {
            "geometryType": "obb",
            "obb": {
                "xc": 333.0066833496094,
                "yc": 240.00003051757812,
                "w": 300.36669921875,
                "h": 55.99876022338867,
                "theta": 0.38196614384651184
            },
            "height": 346,
            "width": 640
        },
        {
            "geometryType": "obb",
            "obb": {
                "xc": 330.49993896484375,
                "yc": 282.4999694824219,
                "w": 140.99996948242188,
                "h": 24.999996185302734,
                "theta": 0.0
            },
            "height": 346,
            "width": 640
        }
    ]
}