{
    "objects": [
        {
            "geometryType": "obb",
            "obb": {
                "xc": 341.0027770996094,
                "yc": 259.51593017578125,
                "w": 623.2939453125,
                "h": 148.95806884765625,
                "theta": 163.6046905517578
            },
            "height": 802,
            "width": 1400
        },
        {
            "geometryType": "obb",
            "obb": {
                "xc": 833.8456420898438,
                "yc": 232.69444274902344,
                "w": 233.37403869628906,
                "h": 75.40302276611328,
                "theta": 14.826481819152832
            },
            "height": 802,
            "width": 1400
        },
        {
            "geometryType": "obb",
            "obb": {
                "xc": 1202.30029296875,
                "yc": 422.94384765625,
                "w": 496.01446533203125,
                "h": 93.68543243408203,
                "theta": 36.127445220947266
            },
            "height": 802,
            "width": 1400
        },
        {
            "geometryType": "obb",
            "obb": {
                "xc": 48.99999237060547,
                "yc": 725.5,
                "w": 101.86044311523438,
                "h": 55.7265625,
                "theta": 98.53076553344727
            },
            "height": 802,
            "width": 1400
        }
    ]
}