{
    "objects": [
        {
            "geometryType": "obb",
            "obb": {
                "xc": 170.56646728515625,
                "yc": 79.08020782470703,
                "w": 192.6734161376953,
                "h": 86.49720764160156,
                "theta": 6.686909198760986
            },
            "height": 450,
            "width": 338
        },
        {
            "geometryType": "obb",
            "obb": {
                "xc": 161.46096801757812,
                "yc": 198.3021240234375,
                "w": 179.80528259277344,
                "h": 74.59534454345703,
                "theta": 5.3430562019348145
            },
            "height": 450,
            "width": 338
        },
        {
            "geometryType": "obb",
            "obb": {
                "xc": 151.037353515625,
                "yc": 307.9636535644531,
                "w": 287.04168701171875,
                "h": 67.9658432006836,
                "theta": 0.7920570373535156
            },
            "height": 450,
            "width": 338
        },
        {
            "geometryType": "obb",
            "obb": {
                "xc": 176.3235626220703,
                "yc": 129.2941131591797,
                "w": 111.3238525390625,
                "h": 88.28296661376953,
                "theta": 75.96376037597656
            },
            "height": 450,
            "width": 338
        }
    ]
}