{
    "objects": [
        {
            "geometryType": "obb",
            "obb": {
                "xc": 112.53851318359375,
                "yc": 66.26185607910156,
                "w": 187.24131774902344,
                "h": 86.15215301513672,
                "theta": 173.9275360107422
            },
            "height": 225,
            "width": 225
        },
        {
            "geometryType": "obb",
            "obb": {
                "xc": 115.04072570800781,
                "yc": 180.66973876953125,
                "w": 131.08294677734375,
                "h": 43.03597640991211,
                "theta": 178.60282135009766
            },
            "height": 225,
            "width": 225
        }
    ]
}