{
    "objects": [
        {
            "geometryType": "obb",
            "obb": {
                "xc": 501.40264892578125,
                "yc": 655.1942138671875,
                "w": 846.9755859375,
                "h": 237.98497009277344,
                "theta": 8.90555477142334
            },
            "height": 1518,
            "width": 1197
        },
        {
            "geometryType": "obb",
            "obb": {
                "xc": 411.3745422363281,
                "yc": 832.8858032226562,
                "w": 428.3350524902344,
                "h": 83.8065185546875,
                "theta": 16.52579689025879
            },
            "height": 1518,
            "width": 1197
        },
        {
            "geometryType": "obb",
            "obb": {
                "xc": 755.6611328125,
                "yc": 875.769775390625,
                "w": 217.4849395751953,
                "h": 72.08307647705078,
                "theta": 172.1082992553711
            },
            "height": 1518,
            "width": 1197
        },
        {
            "geometryType": "obb",
            "obb": {
                "xc": 466.0638427734375,
                "yc": 1021.5302734375,
                "w": 717.371337890625,
                "h": 155.79750061035156,
                "theta": 7.735605716705322
            },
            "height": 1518,
            "width": 1197
        }
    ]
}