{
    "objects": [
        {
            "geometryType": "obb",
            "obb": {
                "xc": 141.52699279785156,
                "yc": 280.34246826171875,
                "w": 190.9613037109375,
                "h": 63.698150634765625,
                "theta": 73.72373962402344
            },
            "height": 480,
            "width": 640
        },
        {
            "geometryType": "obb",
            "obb": {
                "xc": 280.4622802734375,
                "yc": 86.87820434570312,
                "w": 328.0833740234375,
                "h": 109.97032165527344,
                "theta": 171.1998062133789
            },
            "height": 480,
            "width": 640
        },
        {
            "geometryType": "obb",
            "obb": {
                "xc": 464.100341796875,
                "yc": 139.31317138671875,
                "w": 89.4705810546875,
                "h": 58.82352828979492,
                "theta": 61.927513122558594
            },
            "height": 480,
            "width": 640
        },
        {
            "geometryType": "obb",
            "obb": {
                "xc": 379.14208984375,
                "yc": 356.04827880859375,
                "w": 370.85919189453125,
                "h": 130.58731079101562,
                "theta": 152.77856063842773
            },
            "height": 480,
            "width": 640
        }
    ]
}