{
    "objects": [
        {
            "geometryType": "obb",
            "obb": {
                "xc": 1647.6444091796875,
                "yc": 1209.66943359375,
                "w": 2068.771728515625,
                "h": 543.073974609375,
                "theta": 177.56781768798828
            },
            "height": 2556,
            "width": 3333
        }
    ]
}