{
    "objects": [
        {
            "geometryType": "obb",
            "obb": {
                "xc": 1027.5108642578125,
                "yc": 1074.0262451171875,
                "w": 457.2757873535156,
                "h": 133.95118713378906,
                "theta": 127.83955001831055
            },
            "height": 1944,
            "width": 2896
        },
        {
            "geometryType": "obb",
            "obb": {
                "xc": 1264.9576416015625,
                "yc": 885.7788696289062,
                "w": 119.29159545898438,
                "h": 118.07200622558594,
                "theta": 152.7838897705078
            },
            "height": 1944,
            "width": 2896
        },
        {
            "geometryType": "obb",
            "obb": {
                "xc": 1552.581298828125,
                "yc": 810.2429809570312,
                "w": 433.55682373046875,
                "h": 141.9437713623047,
                "theta": 2.419509172439575
            },
            "height": 1944,
            "width": 2896
        },
        {
            "geometryType": "obb",
            "obb": {
                "xc": 1333.4403076171875,
                "yc": 1044.257568359375,
                "w": 398.95611572265625,
                "h": 127.40863037109375,
                "theta": 155.3084487915039
            },
            "height": 1944,
            "width": 2896
        }
    ]
}