{
    "objects": [
        {
            "geometryType": "obb",
            "obb": {
                "xc": 573.8214721679688,
                "yc": 283.9623107910156,
                "w": 336.59539794921875,
                "h": 90.00653076171875,
                "theta": 127.02762603759766
            },
            "height": 1071,
            "width": 1600
        },
        {
            "geometryType": "obb",
            "obb": {
                "xc": 834.705810546875,
                "yc": 196.32350158691406,
                "w": 211.95921325683594,
                "h": 49.912322998046875,
                "theta": 19.653823852539062
            },
            "height": 1071,
            "width": 1600
        },
        {
            "geometryType": "obb",
            "obb": {
                "xc": 986.5255737304688,
                "yc": 348.6106262207031,
                "w": 171.43353271484375,
                "h": 48.226829528808594,
                "theta": 68.69068908691406
            },
            "height": 1071,
            "width": 1600
        }
    ]
}