{
    "objects": [
        {
            "geometryType": "obb",
            "obb": {
                "xc": 183.33392333984375,
                "yc": 82.8979721069336,
                "w": 201.62960815429688,
                "h": 69.47206115722656,
                "theta": 5.000644207000732
            },
            "height": 474,
            "width": 360
        },
        {
            "geometryType": "obb",
            "obb": {
                "xc": 175.21192932128906,
                "yc": 346.37744140625,
                "w": 270.3623352050781,
                "h": 102.90601348876953,
                "theta": 3.066485643386841
            },
            "height": 474,
            "width": 360
        },
        {
            "geometryType": "obb",
            "obb": {
                "xc": 177.02410888671875,
                "yc": 223.62774658203125,
                "w": 191.1259765625,
                "h": 125.22846984863281,
                "theta": 91.58235383033752
            },
            "height": 474,
            "width": 360
        }
    ]
}