{
    "objects": [
        {
            "geometryType": "obb",
            "obb": {
                "xc": 307.750732421875,
                "yc": 290.977783203125,
                "w": 247.33486938476562,
                "h": 56.779998779296875,
                "theta": 118.48928451538086
            },
            "height": 768,
            "width": 1024
        },
        {
            "geometryType": "obb",
            "obb": {
                "xc": 563.8594970703125,
                "yc": 90.68305969238281,
                "w": 217.66461181640625,
                "h": 77.2414779663086,
                "theta": 172.98814392089844
            },
            "height": 768,
            "width": 1024
        },
        {
            "geometryType": "obb",
            "obb": {
                "xc": 776.3908081054688,
                "yc": 207.52838134765625,
                "w": 183.5828857421875,
                "h": 71.6235122680664,
                "theta": 70.65926361083984
            },
            "height": 768,
            "width": 1024
        }
    ]
}