{
    "objects": [
        {
            "geometryType": "obb",
            "obb": {
                "xc": 528.7039184570312,
                "yc": 185.00436401367188,
                "w": 371.30889892578125,
                "h": 111.35423278808594,
                "theta": 151.9754981994629
            },
            "height": 900,
            "width": 1600
        },
        {
            "geometryType": "obb",
            "obb": {
                "xc": 827.054931640625,
                "yc": 153.8468017578125,
                "w": 258.0509033203125,
                "h": 85.56343841552734,
                "theta": 24.48668098449707
            },
            "height": 900,
            "width": 1600
        },
        {
            "geometryType": "obb",
            "obb": {
                "xc": 991.1714477539062,
                "yc": 363.7459716796875,
                "w": 245.2172088623047,
                "h": 75.44554138183594,
                "theta": 74.51752471923828
            },
            "height": 900,
            "width": 1600
        }
    ]
}