{
    "objects": [
        {
            "geometryType": "obb",
            "obb": {
                "xc": 145.475341796875,
                "yc": 398.29669189453125,
                "w": 194.57998657226562,
                "h": 75.9404525756836,
                "theta": 69.04422760009766
            },
            "height": 718,
            "width": 583
        },
        {
            "geometryType": "obb",
            "obb": {
                "xc": 170.1746368408203,
                "yc": 241.41371154785156,
                "w": 94.47506713867188,
                "h": 43.4986572265625,
                "theta": 133.1523895263672
            },
            "height": 718,
            "width": 583
        },
        {
            "geometryType": "obb",
            "obb": {
                "xc": 337.77655029296875,
                "yc": 224.66702270507812,
                "w": 252.8141326904297,
                "h": 82.6892318725586,
                "theta": 22.350873947143555
            },
            "height": 718,
            "width": 583
        },
        {
            "geometryType": "obb",
            "obb": {
                "xc": 359.05657958984375,
                "yc": 449.1514587402344,
                "w": 324.4906005859375,
                "h": 125.90907287597656,
                "theta": 142.40372848510742
            },
            "height": 718,
            "width": 583
        }
    ]
}