{
    "objects": [
        {
            "geometryType": "obb",
            "obb": {
                "xc": 385.0177917480469,
                "yc": 251.0191650390625,
                "w": 294.2796936035156,
                "h": 130.39207458496094,
                "theta": 2.12109637260437
            },
            "height": 578,
            "width": 770
        }
    ]
}