{
    "objects": [
        {
            "geometryType": "obb",
            "obb": {
                "xc": 128.1970672607422,
                "yc": 169.93821716308594,
                "w": 77.38677215576172,
                "h": 30.06502914428711,
                "theta": 4.39870548248291
            },
            "height": 366,
            "width": 550
        },
        {
            "geometryType": "obb",
            "obb": {
                "xc": 275.03582763671875,
                "yc": 175.9453887939453,
                "w": 214.69578552246094,
                "h": 61.22481155395508,
                "theta": 6.709836483001709
            },
            "height": 366,
            "width": 550
        },
        {
            "geometryType": "obb",
            "obb": {
                "xc": 439.4999694824219,
                "yc": 193.49998474121094,
                "w": 108.09111022949219,
                "h": 56.12765884399414,
                "theta": 4.8135504722595215
            },
            "height": 366,
            "width": 550
        }
    ]
}