{
    "objects": [
        {
            "geometryType": "obb",
            "obb": {
                "xc": 413.74371337890625,
                "yc": 211.61216735839844,
                "w": 471.3639831542969,
                "h": 143.18785095214844,
                "theta": 1.514073371887207
            },
            "height": 534,
            "width": 800
        },
        {
            "geometryType": "obb",
            "obb": {
                "xc": 395.5629577636719,
                "yc": 372.50323486328125,
                "w": 545.992431640625,
                "h": 121.04113006591797,
                "theta": 179.57559967041016
            },
            "height": 534,
            "width": 800
        },
        {
            "geometryType": "obb",
            "obb": {
                "xc": 715.5,
                "yc": 514.5,
                "w": 149.0,
                "h": 27.0,
                "theta": 180.0
            },
            "height": 534,
            "width": 800
        }
    ]
}