{
    "objects": [
        {
            "geometryType": "obb",
            "obb": {
                "xc": 170.14511108398438,
                "yc": 165.20571899414062,
                "w": 234.45858764648438,
                "h": 119.71623229980469,
                "theta": 4.447384357452393
            },
            "height": 512,
            "width": 342
        },
        {
            "geometryType": "obb",
            "obb": {
                "xc": 160.6988525390625,
                "yc": 372.17523193359375,
                "w": 195.3191375732422,
                "h": 77.52407836914062,
                "theta": 1.8595994710922241
            },
            "height": 512,
            "width": 342
        }
    ]
}