{
    "objects": [
        {
            "geometryType": "obb",
            "obb": {
                "xc": 283.81597900390625,
                "yc": 198.14544677734375,
                "w": 114.22206115722656,
                "h": 35.79215621948242,
                "theta": 167.24246978759766
            },
            "height": 551,
            "width": 735
        },
        {
            "geometryType": "obb",
            "obb": {
                "xc": 442.2659606933594,
                "yc": 194.71368408203125,
                "w": 180.87136840820312,
                "h": 41.50354766845703,
                "theta": 8.080580711364746
            },
            "height": 551,
            "width": 735
        },
        {
            "geometryType": "obb",
            "obb": {
                "xc": 314.1725769042969,
                "yc": 235.00802612304688,
                "w": 84.00595092773438,
                "h": 28.986042022705078,
                "theta": 0.6820604205131531
            },
            "height": 551,
            "width": 735
        },
        {
            "geometryType": "obb",
            "obb": {
                "xc": 419.0117492675781,
                "yc": 235.51235961914062,
                "w": 110.64257049560547,
                "h": 26.31766128540039,
                "theta": 1.3803540468215942
            },
            "height": 551,
            "width": 735
        }
    ]
}