{
    "objects": [
        {
            "geometryType": "obb",
            "obb": {
                "xc": 256.1175537109375,
                "yc": 120.73435974121094,
                "w": 324.42596435546875,
                "h": 67.42501068115234,
                "theta": 0.5491440296173096
            },
            "height": 360,
            "width": 585
        },
        {
            "geometryType": "obb",
            "obb": {
                "xc": 266.9891357421875,
                "yc": 216.01040649414062,
                "w": 281.1916809082031,
                "h": 54.05158996582031,
                "theta": 1.2188751697540283
            },
            "height": 360,
            "width": 585
        }
    ]
}