{
    "objects": [
        {
            "geometryType": "obb",
            "obb": {
                "xc": 199.4462127685547,
                "yc": 173.69061279296875,
                "w": 322.8784484863281,
                "h": 64.49281311035156,
                "theta": 4.455602645874023
            },
            "height": 588,
            "width": 884
        },
        {
            "geometryType": "obb",
            "obb": {
                "xc": 467.35687255859375,
                "yc": 200.28857421875,
                "w": 67.34485626220703,
                "h": 48.205989837646484,
                "theta": 4.573921203613281
            },
            "height": 588,
            "width": 884
        },
        {
            "geometryType": "obb",
            "obb": {
                "xc": 672.0918579101562,
                "yc": 198.06796264648438,
                "w": 243.1171417236328,
                "h": 56.53580093383789,
                "theta": 1.2590452432632446
            },
            "height": 588,
            "width": 884
        }
    ]
}