{
    "objects": [
        {
            "geometryType": "obb",
            "obb": {
                "xc": 792.69140625,
                "yc": 1061.197265625,
                "w": 901.150634765625,
                "h": 484.3074951171875,
                "theta": 178.44298553466797
            },
            "height": 2152,
            "width": 2508
        },
        {
            "geometryType": "obb",
            "obb": {
                "xc": 672.9092407226562,
                "yc": 1622.4635009765625,
                "w": 615.6304321289062,
                "h": 169.29127502441406,
                "theta": 23.815671920776367
            },
            "height": 2152,
            "width": 2508
        },
        {
            "geometryType": "obb",
            "obb": {
                "xc": 1066.504638671875,
                "yc": 1552.4415283203125,
                "w": 262.78387451171875,
                "h": 98.94747161865234,
                "theta": 130.00625610351562
            },
            "height": 2152,
            "width": 2508
        }
    ]
}