{
    "objects": [
        {
            "geometryType": "obb",
            "obb": {
                "xc": 133.27947998046875,
                "yc": 206.2726287841797,
                "w": 250.65609741210938,
                "h": 63.15241622924805,
                "theta": 172.5167007446289
            },
            "height": 476,
            "width": 607
        },
        {
            "geometryType": "obb",
            "obb": {
                "xc": 352.62078857421875,
                "yc": 194.33111572265625,
                "w": 163.06044006347656,
                "h": 53.70823287963867,
                "theta": 4.13918924331665
            },
            "height": 476,
            "width": 607
        },
        {
            "geometryType": "obb",
            "obb": {
                "xc": 533.1513671875,
                "yc": 227.49249267578125,
                "w": 165.0608367919922,
                "h": 48.70454788208008,
                "theta": 16.60698127746582
            },
            "height": 476,
            "width": 607
        }
    ]
}