{
    "objects": [
        {
            "geometryType": "obb",
            "obb": {
                "xc": 198.08753967285156,
                "yc": 96.00271606445312,
                "w": 80.04348754882812,
                "h": 20.01087188720703,
                "theta": 167.7352294921875
            },
            "height": 375,
            "width": 500
        },
        {
            "geometryType": "obb",
            "obb": {
                "xc": 265.1580810546875,
                "yc": 88.39070129394531,
                "w": 51.0776252746582,
                "h": 18.832231521606445,
                "theta": 2.2025980949401855
            },
            "height": 375,
            "width": 500
        },
        {
            "geometryType": "obb",
            "obb": {
                "xc": 333.1998291015625,
                "yc": 96.17710876464844,
                "w": 74.10316467285156,
                "h": 18.685436248779297,
                "theta": 13.65041732788086
            },
            "height": 375,
            "width": 500
        }
    ]
}