{
    "objects": [
        {
            "geometryType": "obb",
            "obb": {
                "xc": 201.51112365722656,
                "yc": 75.56948852539062,
                "w": 65.39802551269531,
                "h": 31.861026763916016,
                "theta": 163.7798080444336
            },
            "height": 360,
            "width": 480
        },
        {
            "geometryType": "obb",
            "obb": {
                "xc": 281.4754638671875,
                "yc": 68.96414947509766,
                "w": 87.29133605957031,
                "h": 32.68050003051758,
                "theta": 10.619654655456543
            },
            "height": 360,
            "width": 480
        },
        {
            "geometryType": "obb",
            "obb": {
                "xc": 238.9698486328125,
                "yc": 122.8302001953125,
                "w": 228.3720245361328,
                "h": 43.613433837890625,
                "theta": 177.4208526611328
            },
            "height": 360,
            "width": 480
        }
    ]
}