{
    "objects": [
        {
            "geometryType": "obb",
            "obb": {
                "xc": 281.40496826171875,
                "yc": 45.14665222167969,
                "w": 197.6018524169922,
                "h": 69.4468994140625,
                "theta": 17.417970657348633
            },
            "height": 294,
            "width": 525
        },
        {
            "geometryType": "obb",
            "obb": {
                "xc": 219.28311157226562,
                "yc": 227.78677368164062,
                "w": 173.94923400878906,
                "h": 46.612117767333984,
                "theta": 45.89053726196289
            },
            "height": 294,
            "width": 525
        },
        {
            "geometryType": "obb",
            "obb": {
                "xc": 349.0841064453125,
                "yc": 253.23895263671875,
                "w": 123.23444366455078,
                "h": 51.457435607910156,
                "theta": 138.8140754699707
            },
            "height": 294,
            "width": 525
        }
    ]
}