{
    "objects": [
        {
            "geometryType": "obb",
            "obb": {
                "xc": 283.18206787109375,
                "yc": 133.76869201660156,
                "w": 358.97308349609375,
                "h": 103.23019409179688,
                "theta": 156.50143432617188
            },
            "height": 533,
            "width": 800
        },
        {
            "geometryType": "obb",
            "obb": {
                "xc": 582.7777099609375,
                "yc": 158.69766235351562,
                "w": 214.00579833984375,
                "h": 70.63460540771484,
                "theta": 36.75065612792969
            },
            "height": 533,
            "width": 800
        },
        {
            "geometryType": "obb",
            "obb": {
                "xc": 184.34326171875,
                "yc": 339.8422546386719,
                "w": 247.01792907714844,
                "h": 60.98835754394531,
                "theta": 179.69196319580078
            },
            "height": 533,
            "width": 800
        },
        {
            "geometryType": "obb",
            "obb": {
                "xc": 567.5,
                "yc": 339.0,
                "w": 343.0,
                "h": 64.0,
                "theta": 180.0
            },
            "height": 533,
            "width": 800
        }
    ]
}