{
    "objects": [
        {
            "geometryType": "obb",
            "obb": {
                "xc": 331.06060791015625,
                "yc": 96.222900390625,
                "w": 237.90521240234375,
                "h": 98.49534606933594,
                "theta": 0.9191046953201294
            },
            "height": 402,
            "width": 634
        },
        {
            "geometryType": "obb",
            "obb": {
                "xc": 330.681640625,
                "yc": 294.2179870605469,
                "w": 291.03570556640625,
                "h": 123.41512298583984,
                "theta": 1.3904011249542236
            },
            "height": 402,
            "width": 634
        }
    ]
}