{
    "objects": [
        {
            "geometryType": "obb",
            "obb": {
                "xc": 674.108154296875,
                "yc": 202.38632202148438,
                "w": 461.5887145996094,
                "h": 307.06304931640625,
                "theta": 11.210634231567383
            },
            "height": 720,
            "width": 1280
        },
        {
            "geometryType": "obb",
            "obb": {
                "xc": 619.5841064453125,
                "yc": 562.7343139648438,
                "w": 361.1078186035156,
                "h": 121.05805969238281,
                "theta": 32.770381927490234
            },
            "height": 720,
            "width": 1280
        },
        {
            "geometryType": "obb",
            "obb": {
                "xc": 828.579345703125,
                "yc": 540.4627075195312,
                "w": 140.56695556640625,
                "h": 46.722469329833984,
                "theta": 115.69370079040527
            },
            "height": 720,
            "width": 1280
        }
    ]
}