{
    "objects": [
        {
            "geometryType": "obb",
            "obb": {
                "xc": 850.8527221679688,
                "yc": 1098.1204833984375,
                "w": 450.5347900390625,
                "h": 124.70696258544922,
                "theta": 162.5252227783203
            },
            "height": 2736,
            "width": 3648
        },
        {
            "geometryType": "obb",
            "obb": {
                "xc": 1412.152099609375,
                "yc": 980.6591796875,
                "w": 644.461181640625,
                "h": 123.71160125732422,
                "theta": 173.82982635498047
            },
            "height": 2736,
            "width": 3648
        },
        {
            "geometryType": "obb",
            "obb": {
                "xc": 1964.7852783203125,
                "yc": 988.1213989257812,
                "w": 416.9411926269531,
                "h": 123.9290542602539,
                "theta": 8.790543556213379
            },
            "height": 2736,
            "width": 3648
        },
        {
            "geometryType": "obb",
            "obb": {
                "xc": 2431.03759765625,
                "yc": 1069.6546630859375,
                "w": 457.7988586425781,
                "h": 119.98062896728516,
                "theta": 15.410391807556152
            },
            "height": 2736,
            "width": 3648
        }
    ]
}