{
    "objects": [
        {
            "geometryType": "obb",
            "obb": {
                "xc": 1206.4437255859375,
                "yc": 536.6595458984375,
                "w": 803.9872436523438,
                "h": 229.70489501953125,
                "theta": 141.76421356201172
            },
            "height": 1910,
            "width": 2996
        },
        {
            "geometryType": "obb",
            "obb": {
                "xc": 1905.6617431640625,
                "yc": 550.5048828125,
                "w": 762.239501953125,
                "h": 217.97412109375,
                "theta": 45.430789947509766
            },
            "height": 1910,
            "width": 2996
        }
    ]
}