{
    "objects": [
        {
            "geometryType": "obb",
            "obb": {
                "xc": 202.2000274658203,
                "yc": 107.4000015258789,
                "w": 76.02630615234375,
                "h": 43.826927185058594,
                "theta": 153.43495178222656
            },
            "height": 467,
            "width": 496
        },
        {
            "geometryType": "obb",
            "obb": {
                "xc": 238.8563232421875,
                "yc": 330.2572326660156,
                "w": 119.60760498046875,
                "h": 35.65562438964844,
                "theta": 3.8879096508026123
            },
            "height": 467,
            "width": 496
        },
        {
            "geometryType": "obb",
            "obb": {
                "xc": 338.74237060546875,
                "yc": 294.1434326171875,
                "w": 91.33761596679688,
                "h": 28.212392807006836,
                "theta": 130.91438674926758
            },
            "height": 467,
            "width": 496
        }
    ]
}