{
    "objects": [
        {
            "geometryType": "obb",
            "obb": {
                "xc": 224.7975311279297,
                "yc": 201.07069396972656,
                "w": 340.7699279785156,
                "h": 66.89115142822266,
                "theta": 168.07547760009766
            },
            "height": 492,
            "width": 736
        },
        {
            "geometryType": "obb",
            "obb": {
                "xc": 541.723876953125,
                "yc": 220.19891357421875,
                "w": 290.3118896484375,
                "h": 55.63503646850586,
                "theta": 20.45938491821289
            },
            "height": 492,
            "width": 736
        }
    ]
}