{
    "objects": [
        {
            "geometryType": "obb",
            "obb": {
                "xc": 521.5314331054688,
                "yc": 100.73966979980469,
                "w": 317.0357360839844,
                "h": 79.48992156982422,
                "theta": 0.2178536057472229
            },
            "height": 410,
            "width": 960
        },
        {
            "geometryType": "obb",
            "obb": {
                "xc": 522.1162109375,
                "yc": 305.2420959472656,
                "w": 386.0660095214844,
                "h": 109.6550064086914,
                "theta": 179.4775619506836
            },
            "height": 410,
            "width": 960
        },
        {
            "geometryType": "obb",
            "obb": {
                "xc": 529.5672607421875,
                "yc": 206.8841552734375,
                "w": 265.98516845703125,
                "h": 124.21763610839844,
                "theta": 1.5316078662872314
            },
            "height": 410,
            "width": 960
        }
    ]
}