{
    "objects": [
        {
            "geometryType": "obb",
            "obb": {
                "xc": 135.61672973632812,
                "yc": 106.19401550292969,
                "w": 64.02069854736328,
                "h": 22.31987190246582,
                "theta": 6.842773914337158
            },
            "height": 250,
            "width": 250
        },
        {
            "geometryType": "obb",
            "obb": {
                "xc": 121.20342254638672,
                "yc": 190.4924774169922,
                "w": 109.1103744506836,
                "h": 18.986984252929688,
                "theta": 177.87889862060547
            },
            "height": 250,
            "width": 250
        },
        {
            "geometryType": "obb",
            "obb": {
                "xc": 96.33045959472656,
                "yc": 115.9120101928711,
                "w": 21.750045776367188,
                "h": 17.098678588867188,
                "theta": 148.39249420166016
            },
            "height": 250,
            "width": 250
        }
    ]
}