{
    "objects": [
        {
            "geometryType": "obb",
            "obb": {
                "xc": 169.1617889404297,
                "yc": 573.9703979492188,
                "w": 301.21112060546875,
                "h": 76.10671997070312,
                "theta": 45.92404556274414
            },
            "height": 754,
            "width": 726
        },
        {
            "geometryType": "obb",
            "obb": {
                "xc": 537.7877197265625,
                "yc": 623.4987182617188,
                "w": 423.6052551269531,
                "h": 144.35362243652344,
                "theta": 147.86275482177734
            },
            "height": 754,
            "width": 726
        },
        {
            "geometryType": "obb",
            "obb": {
                "xc": 58.02123260498047,
                "yc": 378.600830078125,
                "w": 89.66606140136719,
                "h": 62.833194732666016,
                "theta": 78.11134338378906
            },
            "height": 754,
            "width": 726
        }
    ]
}