{
    "objects": [
        {
            "geometryType": "obb",
            "obb": {
                "xc": 599.3960571289062,
                "yc": 163.01229858398438,
                "w": 116.37311553955078,
                "h": 26.03643035888672,
                "theta": 178.0079116821289
            },
            "height": 633,
            "width": 950
        },
        {
            "geometryType": "obb",
            "obb": {
                "xc": 599.8392944335938,
                "yc": 184.52793884277344,
                "w": 151.0764617919922,
                "h": 25.019927978515625,
                "theta": 177.58048248291016
            },
            "height": 633,
            "width": 950
        },
        {
            "geometryType": "obb",
            "obb": {
                "xc": 924.9954833984375,
                "yc": 546.2156982421875,
                "w": 146.03082275390625,
                "h": 20.995567321777344,
                "theta": 91.17714488506317
            },
            "height": 633,
            "width": 950
        }
    ]
}