{
    "objects": [
        {
            "geometryType": "obb",
            "obb": {
                "xc": 274.162353515625,
                "yc": 177.42721557617188,
                "w": 187.12628173828125,
                "h": 51.896385192871094,
                "theta": 173.7289276123047
            },
            "height": 370,
            "width": 740
        },
        {
            "geometryType": "obb",
            "obb": {
                "xc": 453.0828857421875,
                "yc": 184.06614685058594,
                "w": 159.7843017578125,
                "h": 45.6053352355957,
                "theta": 11.236944198608398
            },
            "height": 370,
            "width": 740
        }
    ]
}