{
    "objects": [
        {
            "geometryType": "obb",
            "obb": {
                "xc": 182.8916778564453,
                "yc": 160.87844848632812,
                "w": 122.1228256225586,
                "h": 34.57366943359375,
                "theta": 163.40189361572266
            },
            "height": 309,
            "width": 550
        },
        {
            "geometryType": "obb",
            "obb": {
                "xc": 372.00628662109375,
                "yc": 154.10568237304688,
                "w": 241.50286865234375,
                "h": 43.87949752807617,
                "theta": 10.052544593811035
            },
            "height": 309,
            "width": 550
        },
        {
            "geometryType": "obb",
            "obb": {
                "xc": 308.49407958984375,
                "yc": 221.9999237060547,
                "w": 335.8453063964844,
                "h": 70.00694274902344,
                "theta": 0.6820604205131531
            },
            "height": 309,
            "width": 550
        }
    ]
}