{
    "objects": [
        {
            "geometryType": "obb",
            "obb": {
                "xc": 293.879150390625,
                "yc": 221.73568725585938,
                "w": 495.3052062988281,
                "h": 129.54598999023438,
                "theta": 140.9131202697754
            },
            "height": 1087,
            "width": 1020
        },
        {
            "geometryType": "obb",
            "obb": {
                "xc": 725.0361328125,
                "yc": 224.85809326171875,
                "w": 477.7320861816406,
                "h": 138.1497344970703,
                "theta": 45.51247024536133
            },
            "height": 1087,
            "width": 1020
        }
    ]
}