{
    "objects": [
        {
            "geometryType": "obb",
            "obb": {
                "xc": 1301.3011474609375,
                "yc": 942.0302734375,
                "w": 1606.8970947265625,
                "h": 440.02679443359375,
                "theta": 0.9149118065834045
            },
            "height": 1936,
            "width": 2592
        },
        {
            "geometryType": "obb",
            "obb": {
                "xc": 1295.425537109375,
                "yc": 1332.292724609375,
                "w": 1065.324462890625,
                "h": 322.7215881347656,
                "theta": 1.783227801322937
            },
            "height": 1936,
            "width": 2592
        }
    ]
}