{
    "objects": [
        {
            "geometryType": "obb",
            "obb": {
                "xc": 180.20184326171875,
                "yc": 440.5486755371094,
                "w": 168.8438262939453,
                "h": 46.85456848144531,
                "theta": 177.85240936279297
            },
            "height": 500,
            "width": 333
        }
    ]
}