{
    "objects": [
        {
            "geometryType": "obb",
            "obb": {
                "xc": 490.52410888671875,
                "yc": 440.5140380859375,
                "w": 694.1932373046875,
                "h": 366.6028747558594,
                "theta": 178.30535125732422
            },
            "height": 993,
            "width": 1408
        },
        {
            "geometryType": "obb",
            "obb": {
                "xc": 521.8853759765625,
                "yc": 523.7496948242188,
                "w": 357.9817199707031,
                "h": 81.88406372070312,
                "theta": 151.55707550048828
            },
            "height": 993,
            "width": 1408
        },
        {
            "geometryType": "obb",
            "obb": {
                "xc": 602.0269165039062,
                "yc": 631.3793334960938,
                "w": 157.34732055664062,
                "h": 55.15763854980469,
                "theta": 170.7538833618164
            },
            "height": 993,
            "width": 1408
        },
        {
            "geometryType": "obb",
            "obb": {
                "xc": 702.5729370117188,
                "yc": 557.962158203125,
                "w": 105.81256103515625,
                "h": 47.9669303894043,
                "theta": 111.99113082885742
            },
            "height": 993,
            "width": 1408
        }
    ]
}