{
    "objects": [
        {
            "geometryType": "obb",
            "obb": {
                "xc": 1002.4390258789062,
                "yc": 1418.3975830078125,
                "w": 1051.2855224609375,
                "h": 293.93121337890625,
                "theta": 175.18123626708984
            },
            "height": 1936,
            "width": 2592
        },
        {
            "geometryType": "obb",
            "obb": {
                "xc": 1233.788330078125,
                "yc": 1604.40478515625,
                "w": 1021.4444580078125,
                "h": 213.9706573486328,
                "theta": 176.31426239013672
            },
            "height": 1936,
            "width": 2592
        }
    ]
}