{
    "objects": [
        {
            "geometryType": "obb",
            "obb": {
                "xc": 812.7205810546875,
                "yc": 476.2316589355469,
                "w": 288.0867919921875,
                "h": 225.38693237304688,
                "theta": 175.02164459228516
            },
            "height": 1201,
            "width": 1280
        },
        {
            "geometryType": "obb",
            "obb": {
                "xc": 825.615478515625,
                "yc": 722.6395263671875,
                "w": 180.3809051513672,
                "h": 86.5387191772461,
                "theta": 177.00965881347656
            },
            "height": 1201,
            "width": 1280
        }
    ]
}