{
    "objects": [
        {
            "geometryType": "obb",
            "obb": {
                "xc": 160.1119384765625,
                "yc": 128.60362243652344,
                "w": 64.45465850830078,
                "h": 26.042287826538086,
                "theta": 170.36246490478516
            },
            "height": 161,
            "width": 240
        }
    ]
}