{
    "objects": [
        {
            "geometryType": "obb",
            "obb": {
                "xc": 591.2977905273438,
                "yc": 390.2187194824219,
                "w": 253.88400268554688,
                "h": 87.31698608398438,
                "theta": 13.268406867980957
            },
            "height": 1002,
            "width": 864
        },
        {
            "geometryType": "obb",
            "obb": {
                "xc": 585.3387451171875,
                "yc": 431.8631896972656,
                "w": 125.00765228271484,
                "h": 59.633575439453125,
                "theta": 11.689370155334473
            },
            "height": 1002,
            "width": 864
        }
    ]
}