{
    "objects": [
        {
            "geometryType": "obb",
            "obb": {
                "xc": 299.6750183105469,
                "yc": 203.95074462890625,
                "w": 146.99525451660156,
                "h": 53.80026626586914,
                "theta": 178.31531524658203
            },
            "height": 448,
            "width": 600
        }
    ]
}