{
    "objects": [
        {
            "geometryType": "obb",
            "obb": {
                "xc": 900.9471435546875,
                "yc": 468.09075927734375,
                "w": 407.40496826171875,
                "h": 167.90380859375,
                "theta": 1.1691393852233887
            },
            "height": 2592,
            "width": 1936
        },
        {
            "geometryType": "obb",
            "obb": {
                "xc": 899.4775390625,
                "yc": 630.9934692382812,
                "w": 930.0194702148438,
                "h": 148.01629638671875,
                "theta": 0.36964505910873413
            },
            "height": 2592,
            "width": 1936
        },
        {
            "geometryType": "obb",
            "obb": {
                "xc": 936.90478515625,
                "yc": 1120.1265869140625,
                "w": 410.13470458984375,
                "h": 135.83041381835938,
                "theta": 1.7445100545883179
            },
            "height": 2592,
            "width": 1936
        },
        {
            "geometryType": "obb",
            "obb": {
                "xc": 925.20263671875,
                "yc": 1330.713134765625,
                "w": 991.992431640625,
                "h": 358.5706787109375,
                "theta": 179.9339141845703
            },
            "height": 2592,
            "width": 1936
        }
    ]
}