{
    "objects": [
        {
            "geometryType": "obb",
            "obb": {
                "xc": 218.39230346679688,
                "yc": 114.86154174804688,
                "w": 115.9878158569336,
                "h": 37.8305549621582,
                "theta": 160.55996704101562
            },
            "height": 450,
            "width": 600
        },
        {
            "geometryType": "obb",
            "obb": {
                "xc": 350.31195068359375,
                "yc": 107.9569091796875,
                "w": 102.28596496582031,
                "h": 39.94371795654297,
                "theta": 12.907408714294434
            },
            "height": 450,
            "width": 600
        },
        {
            "geometryType": "obb",
            "obb": {
                "xc": 172.0,
                "yc": 277.0,
                "w": 256.0,
                "h": 88.0,
                "theta": 180.0
            },
            "height": 450,
            "width": 600
        },
        {
            "geometryType": "obb",
            "obb": {
                "xc": 460.0194396972656,
                "yc": 271.4996337890625,
                "w": 210.19337463378906,
                "h": 97.09820556640625,
                "theta": 178.88761138916016
            },
            "height": 450,
            "width": 600
        }
    ]
}