{
    "objects": [
        {
            "geometryType": "obb",
            "obb": {
                "xc": 247.5,
                "yc": 117.5,
                "w": 66.99998474121094,
                "h": 36.99999237060547,
                "theta": -0.0
            },
            "height": 640,
            "width": 479
        },
        {
            "geometryType": "obb",
            "obb": {
                "xc": 241.17431640625,
                "yc": 236.27496337890625,
                "w": 263.5341796875,
                "h": 138.32449340820312,
                "theta": 175.61895751953125
            },
            "height": 640,
            "width": 479
        },
        {
            "geometryType": "obb",
            "obb": {
                "xc": 251.21986389160156,
                "yc": 336.078857421875,
                "w": 198.52076721191406,
                "h": 90.94766235351562,
                "theta": 169.9920196533203
            },
            "height": 640,
            "width": 479
        }
    ]
}