{
    "objects": [
        {
            "geometryType": "obb",
            "obb": {
                "xc": 1491.0,
                "yc": 419.29705810546875,
                "w": 1499.2423095703125,
                "h": 370.85858154296875,
                "theta": 176.01385498046875
            },
            "height": 1936,
            "width": 2592
        },
        {
            "geometryType": "obb",
            "obb": {
                "xc": 1024.43212890625,
                "yc": 1242.5811767578125,
                "w": 689.3489379882812,
                "h": 234.38800048828125,
                "theta": 15.131369590759277
            },
            "height": 1936,
            "width": 2592
        },
        {
            "geometryType": "obb",
            "obb": {
                "xc": 1802.4056396484375,
                "yc": 1199.8753662109375,
                "w": 853.4060668945312,
                "h": 250.90040588378906,
                "theta": 160.76427459716797
            },
            "height": 1936,
            "width": 2592
        },
        {
            "geometryType": "obb",
            "obb": {
                "xc": 628.0,
                "yc": 1824.0,
                "w": 262.0,
                "h": 222.0,
                "theta": -0.0
            },
            "height": 1936,
            "width": 2592
        }
    ]
}