{
    "objects": [
        {
            "geometryType": "obb",
            "obb": {
                "xc": 955.2949829101562,
                "yc": 930.8677978515625,
                "w": 692.8483276367188,
                "h": 197.84954833984375,
                "theta": 155.27154541015625
            },
            "height": 1704,
            "width": 2272
        },
        {
            "geometryType": "obb",
            "obb": {
                "xc": 1378.0242919921875,
                "yc": 837.2835083007812,
                "w": 148.0135040283203,
                "h": 106.05787658691406,
                "theta": 89.22578430175781
            },
            "height": 1704,
            "width": 2272
        },
        {
            "geometryType": "obb",
            "obb": {
                "xc": 1689.1708984375,
                "yc": 937.8651733398438,
                "w": 418.2803039550781,
                "h": 159.0748748779297,
                "theta": 28.562929153442383
            },
            "height": 1704,
            "width": 2272
        }
    ]
}