{
    "objects": [
        {
            "geometryType": "obb",
            "obb": {
                "xc": 497.12152099609375,
                "yc": 355.76190185546875,
                "w": 319.9920959472656,
                "h": 131.51226806640625,
                "theta": 0.260433554649353
            },
            "height": 864,
            "width": 997
        },
        {
            "geometryType": "obb",
            "obb": {
                "xc": 490.5350341796875,
                "yc": 531.893798828125,
                "w": 256.048828125,
                "h": 54.79814529418945,
                "theta": 178.8810806274414
            },
            "height": 864,
            "width": 997
        }
    ]
}