{
    "objects": [
        {
            "geometryType": "obb",
            "obb": {
                "xc": 144.4324188232422,
                "yc": 101.1136703491211,
                "w": 230.51573181152344,
                "h": 68.51445007324219,
                "theta": 171.9106216430664
            },
            "height": 307,
            "width": 409
        },
        {
            "geometryType": "obb",
            "obb": {
                "xc": 311.4537658691406,
                "yc": 111.11656951904297,
                "w": 95.50148010253906,
                "h": 49.66136169433594,
                "theta": 21.644433975219727
            },
            "height": 307,
            "width": 409
        },
        {
            "geometryType": "obb",
            "obb": {
                "xc": 201.5,
                "yc": 210.5,
                "w": 209.0,
                "h": 41.0,
                "theta": -0.0
            },
            "height": 307,
            "width": 409
        }
    ]
}