{
    "objects": [
        {
            "geometryType": "obb",
            "obb": {
                "xc": 801.1531982421875,
                "yc": 1207.790283203125,
                "w": 383.0845642089844,
                "h": 223.461669921875,
                "theta": 179.25594329833984
            },
            "height": 2592,
            "width": 1936
        },
        {
            "geometryType": "obb",
            "obb": {
                "xc": 808.6622314453125,
                "yc": 1431.2213134765625,
                "w": 313.05206298828125,
                "h": 137.474609375,
                "theta": 179.2394790649414
            },
            "height": 2592,
            "width": 1936
        },
        {
            "geometryType": "obb",
            "obb": {
                "xc": 814.9569091796875,
                "yc": 1295.7247314453125,
                "w": 98.12646484375,
                "h": 74.10794830322266,
                "theta": 176.8201675415039
            },
            "height": 2592,
            "width": 1936
        }
    ]
}