{
    "objects": [
        {
            "geometryType": "obb",
            "obb": {
                "xc": 236.42112731933594,
                "yc": 228.88890075683594,
                "w": 120.65111541748047,
                "h": 48.41429901123047,
                "theta": 103.20108604431152
            },
            "height": 433,
            "width": 650
        },
        {
            "geometryType": "obb",
            "obb": {
                "xc": 275.4999694824219,
                "yc": 168.5,
                "w": 32.468040466308594,
                "h": 21.44356346130371,
                "theta": 59.34933090209961
            },
            "height": 433,
            "width": 650
        },
        {
            "geometryType": "obb",
            "obb": {
                "xc": 339.5689392089844,
                "yc": 168.1126708984375,
                "w": 89.18509674072266,
                "h": 37.15200424194336,
                "theta": 18.74134063720703
            },
            "height": 433,
            "width": 650
        }
    ]
}