{
    "objects": [
        {
            "geometryType": "obb",
            "obb": {
                "xc": 140.56451416015625,
                "yc": 772.0333251953125,
                "w": 634.43994140625,
                "h": 129.37869262695312,
                "theta": 90.74405920505524
            },
            "height": 1280,
            "width": 960
        },
        {
            "geometryType": "obb",
            "obb": {
                "xc": 126.60504913330078,
                "yc": 1192.647216796875,
                "w": 226.35415649414062,
                "h": 151.73704528808594,
                "theta": 7.022793769836426
            },
            "height": 1280,
            "width": 960
        }
    ]
}