{
    "objects": [
        {
            "geometryType": "obb",
            "obb": {
                "xc": 485.83465576171875,
                "yc": 201.69659423828125,
                "w": 617.5045776367188,
                "h": 145.10247802734375,
                "theta": 2.4556241035461426
            },
            "height": 848,
            "width": 1094
        }
    ]
}