{
    "objects": [
        {
            "geometryType": "obb",
            "obb": {
                "xc": 345.9577941894531,
                "yc": 93.52076721191406,
                "w": 143.6043243408203,
                "h": 78.89889526367188,
                "theta": 7.4958577156066895
            },
            "height": 568,
            "width": 638
        },
        {
            "geometryType": "obb",
            "obb": {
                "xc": 342.2930603027344,
                "yc": 455.8048095703125,
                "w": 350.5870361328125,
                "h": 128.43560791015625,
                "theta": 178.57806396484375
            },
            "height": 568,
            "width": 638
        }
    ]
}