{
    "objects": [
        {
            "geometryType": "obb",
            "obb": {
                "xc": 290.5,
                "yc": 187.5,
                "w": 375.0,
                "h": 71.0,
                "theta": -0.0
            },
            "height": 480,
            "width": 640
        },
        {
            "geometryType": "obb",
            "obb": {
                "xc": 285.0,
                "yc": 239.0,
                "w": 194.0,
                "h": 52.0,
                "theta": -0.0
            },
            "height": 480,
            "width": 640
        },
        {
            "geometryType": "obb",
            "obb": {
                "xc": 291.962890625,
                "yc": 290.9852600097656,
                "w": 215.7006378173828,
                "h": 22.00550079345703,
                "theta": 1.0708245038986206
            },
            "height": 480,
            "width": 640
        }
    ]
}