{
    "objects": [
        {
            "geometryType": "obb",
            "obb": {
                "xc": 976.100341796875,
                "yc": 1031.9490966796875,
                "w": 1250.6070556640625,
                "h": 671.1287841796875,
                "theta": 170.1968765258789
            },
            "height": 2592,
            "width": 1936
        },
        {
            "geometryType": "obb",
            "obb": {
                "xc": 686.1234130859375,
                "yc": 1719.904296875,
                "w": 323.5907287597656,
                "h": 122.06742858886719,
                "theta": 29.23446273803711
            },
            "height": 2592,
            "width": 1936
        },
        {
            "geometryType": "obb",
            "obb": {
                "xc": 1305.375732421875,
                "yc": 1663.54833984375,
                "w": 556.39892578125,
                "h": 138.4546661376953,
                "theta": 142.99215698242188
            },
            "height": 2592,
            "width": 1936
        },
        {
            "geometryType": "obb",
            "obb": {
                "xc": 953.66015625,
                "yc": 1808.5328369140625,
                "w": 162.01234436035156,
                "h": 106.94247436523438,
                "theta": 0.7073193788528442
            },
            "height": 2592,
            "width": 1936
        }
    ]
}