{
    "objects": [
        {
            "geometryType": "obb",
            "obb": {
                "xc": 377.9571838378906,
                "yc": 718.2901611328125,
                "w": 676.33447265625,
                "h": 277.52960205078125,
                "theta": 155.4533462524414
            },
            "height": 1936,
            "width": 2592
        },
        {
            "geometryType": "obb",
            "obb": {
                "xc": 1651.7412109375,
                "yc": 645.9110107421875,
                "w": 1800.530029296875,
                "h": 441.5817565917969,
                "theta": 10.549040794372559
            },
            "height": 1936,
            "width": 2592
        }
    ]
}