{
    "objects": [
        {
            "geometryType": "obb",
            "obb": {
                "xc": 745.660400390625,
                "yc": 165.18865966796875,
                "w": 248.8973388671875,
                "h": 60.16392517089844,
                "theta": 15.945395469665527
            },
            "height": 960,
            "width": 1280
        },
        {
            "geometryType": "obb",
            "obb": {
                "xc": 716.7385864257812,
                "yc": 387.732421875,
                "w": 183.819091796875,
                "h": 42.805152893066406,
                "theta": 11.976131439208984
            },
            "height": 960,
            "width": 1280
        },
        {
            "geometryType": "obb",
            "obb": {
                "xc": 881.224853515625,
                "yc": 426.64361572265625,
                "w": 133.77159118652344,
                "h": 40.331260681152344,
                "theta": 12.011478424072266
            },
            "height": 960,
            "width": 1280
        }
    ]
}