{
    "objects": [
        {
            "geometryType": "obb",
            "obb": {
                "xc": 1153.744873046875,
                "yc": 863.5593872070312,
                "w": 686.3338623046875,
                "h": 183.1236572265625,
                "theta": 176.61699676513672
            },
            "height": 1936,
            "width": 2592
        },
        {
            "geometryType": "obb",
            "obb": {
                "xc": 1212.4771728515625,
                "yc": 1614.68017578125,
                "w": 159.45089721679688,
                "h": 84.2140121459961,
                "theta": 175.9143829345703
            },
            "height": 1936,
            "width": 2592
        }
    ]
}