{
    "objects": [
        {
            "geometryType": "obb",
            "obb": {
                "xc": 400.75726318359375,
                "yc": 181.35545349121094,
                "w": 174.24644470214844,
                "h": 60.32101821899414,
                "theta": 171.91941833496094
            },
            "height": 642,
            "width": 960
        },
        {
            "geometryType": "obb",
            "obb": {
                "xc": 579.2708740234375,
                "yc": 229.78379821777344,
                "w": 206.28721618652344,
                "h": 51.11598587036133,
                "theta": 30.012439727783203
            },
            "height": 642,
            "width": 960
        },
        {
            "geometryType": "obb",
            "obb": {
                "xc": 398.6871643066406,
                "yc": 472.7091979980469,
                "w": 234.43104553222656,
                "h": 56.04645538330078,
                "theta": 31.153791427612305
            },
            "height": 642,
            "width": 960
        },
        {
            "geometryType": "obb",
            "obb": {
                "xc": 616.3212280273438,
                "yc": 504.153076171875,
                "w": 169.78138732910156,
                "h": 56.83624267578125,
                "theta": 163.48218536376953
            },
            "height": 642,
            "width": 960
        }
    ]
}