{
    "objects": [
        {
            "geometryType": "obb",
            "obb": {
                "xc": 318.9707946777344,
                "yc": 183.255126953125,
                "w": 239.9816131591797,
                "h": 44.499595642089844,
                "theta": 1.3322198390960693
            },
            "height": 408,
            "width": 631
        },
        {
            "geometryType": "obb",
            "obb": {
                "xc": 315.5504150390625,
                "yc": 250.06121826171875,
                "w": 268.08953857421875,
                "h": 37.953243255615234,
                "theta": 1.7098139524459839
            },
            "height": 408,
            "width": 631
        },
        {
            "geometryType": "obb",
            "obb": {
                "xc": 315.0,
                "yc": 214.5,
                "w": 82.0,
                "h": 35.0,
                "theta": -0.0
            },
            "height": 408,
            "width": 631
        }
    ]
}