{
    "objects": [
        {
            "geometryType": "obb",
            "obb": {
                "xc": 140.6480712890625,
                "yc": 286.54290771484375,
                "w": 182.17832946777344,
                "h": 52.85553741455078,
                "theta": 6.151843547821045
            },
            "height": 972,
            "width": 1004
        },
        {
            "geometryType": "obb",
            "obb": {
                "xc": 332.32183837890625,
                "yc": 445.4510192871094,
                "w": 280.88720703125,
                "h": 63.56739044189453,
                "theta": 62.05696105957031
            },
            "height": 972,
            "width": 1004
        }
    ]
}