{
    "objects": [
        {
            "geometryType": "obb",
            "obb": {
                "xc": 56.50886535644531,
                "yc": 70.78754425048828,
                "w": 99.27850341796875,
                "h": 29.29548454284668,
                "theta": 157.94893646240234
            },
            "height": 240,
            "width": 191
        },
        {
            "geometryType": "obb",
            "obb": {
                "xc": 136.2875213623047,
                "yc": 62.02963638305664,
                "w": 61.221038818359375,
                "h": 34.76531219482422,
                "theta": 16.50436019897461
            },
            "height": 240,
            "width": 191
        },
        {
            "geometryType": "obb",
            "obb": {
                "xc": 86.02701568603516,
                "yc": 102.16216278076172,
                "w": 143.02713012695312,
                "h": 18.412687301635742,
                "theta": 170.5376739501953
            },
            "height": 240,
            "width": 191
        }
    ]
}