{
    "objects": [
        {
            "geometryType": "obb",
            "obb": {
                "xc": 320.5,
                "yc": 127.0,
                "w": 224.99996948242188,
                "h": 47.99999237060547,
                "theta": -0.0
            },
            "height": 386,
            "width": 634
        },
        {
            "geometryType": "obb",
            "obb": {
                "xc": 321.966064453125,
                "yc": 201.74407958984375,
                "w": 397.9981994628906,
                "h": 97.49353790283203,
                "theta": 179.82742309570312
            },
            "height": 386,
            "width": 634
        },
        {
            "geometryType": "obb",
            "obb": {
                "xc": 317.5015869140625,
                "yc": 342.24920654296875,
                "w": 321.2741394042969,
                "h": 43.50071716308594,
                "theta": 0.3569784462451935
            },
            "height": 386,
            "width": 634
        }
    ]
}