{
    "objects": [
        {
            "geometryType": "obb",
            "obb": {
                "xc": 132.16259765625,
                "yc": 303.728515625,
                "w": 167.98300170898438,
                "h": 54.44044494628906,
                "theta": 109.02560615539551
            },
            "height": 428,
            "width": 1000
        },
        {
            "geometryType": "obb",
            "obb": {
                "xc": 355.64581298828125,
                "yc": 110.80895233154297,
                "w": 357.3720703125,
                "h": 86.8916244506836,
                "theta": 161.9540557861328
            },
            "height": 428,
            "width": 1000
        },
        {
            "geometryType": "obb",
            "obb": {
                "xc": 728.9253540039062,
                "yc": 231.72154235839844,
                "w": 423.8492736816406,
                "h": 102.8395767211914,
                "theta": 51.50751495361328
            },
            "height": 428,
            "width": 1000
        }
    ]
}