{
    "objects": [
        {
            "geometryType": "obb",
            "obb": {
                "xc": 369.8028259277344,
                "yc": 90.99479675292969,
                "w": 95.95854187011719,
                "h": 54.28084182739258,
                "theta": 163.0724868774414
            },
            "height": 1174,
            "width": 864
        },
        {
            "geometryType": "obb",
            "obb": {
                "xc": 480.6124572753906,
                "yc": 99.85859680175781,
                "w": 152.5165252685547,
                "h": 50.17488479614258,
                "theta": 27.17026710510254
            },
            "height": 1174,
            "width": 864
        },
        {
            "geometryType": "obb",
            "obb": {
                "xc": 435.9073181152344,
                "yc": 169.7367706298828,
                "w": 217.34390258789062,
                "h": 46.71364974975586,
                "theta": 7.169362545013428
            },
            "height": 1174,
            "width": 864
        }
    ]
}