{
    "objects": [
        {
            "geometryType": "obb",
            "obb": {
                "xc": 385.53302001953125,
                "yc": 18.720050811767578,
                "w": 32.387664794921875,
                "h": 22.053279876708984,
                "theta": 171.46923065185547
            },
            "height": 298,
            "width": 482
        },
        {
            "geometryType": "obb",
            "obb": {
                "xc": 328.19140625,
                "yc": 64.06581115722656,
                "w": 49.912452697753906,
                "h": 23.168087005615234,
                "theta": 148.78159713745117
            },
            "height": 298,
            "width": 482
        },
        {
            "geometryType": "obb",
            "obb": {
                "xc": 381.8172302246094,
                "yc": 45.941627502441406,
                "w": 62.34116744995117,
                "h": 25.93392562866211,
                "theta": 175.9143829345703
            },
            "height": 298,
            "width": 482
        },
        {
            "geometryType": "obb",
            "obb": {
                "xc": 443.0966491699219,
                "yc": 51.494754791259766,
                "w": 69.70091247558594,
                "h": 31.189733505249023,
                "theta": 23.45902442932129
            },
            "height": 298,
            "width": 482
        }
    ]
}