{
    "objects": [
        {
            "geometryType": "obb",
            "obb": {
                "xc": 130.61529541015625,
                "yc": 77.21149444580078,
                "w": 252.13525390625,
                "h": 56.814910888671875,
                "theta": 153.55023193359375
            },
            "height": 159,
            "width": 240
        }
    ]
}