{
    "objects": [
        {
            "geometryType": "obb",
            "obb": {
                "xc": 359.7781677246094,
                "yc": 231.76480102539062,
                "w": 211.08209228515625,
                "h": 63.54592514038086,
                "theta": 179.12754821777344
            },
            "height": 600,
            "width": 736
        },
        {
            "geometryType": "obb",
            "obb": {
                "xc": 355.88885498046875,
                "yc": 293.0718994140625,
                "w": 301.1617126464844,
                "h": 78.23128509521484,
                "theta": 177.78890991210938
            },
            "height": 600,
            "width": 736
        }
    ]
}