{
    "objects": [
        {
            "geometryType": "obb",
            "obb": {
                "xc": 448.3224792480469,
                "yc": 88.00186920166016,
                "w": 187.96322631835938,
                "h": 51.96979522705078,
                "theta": 1.4782726764678955
            },
            "height": 400,
            "width": 600
        },
        {
            "geometryType": "obb",
            "obb": {
                "xc": 444.02703857421875,
                "yc": 122.76907348632812,
                "w": 147.0820770263672,
                "h": 47.5017204284668,
                "theta": 177.69093322753906
            },
            "height": 400,
            "width": 600
        }
    ]
}