{
    "objects": [
        {
            "geometryType": "obb",
            "obb": {
                "xc": 1066.984619140625,
                "yc": 576.37548828125,
                "w": 579.6950073242188,
                "h": 225.51390075683594,
                "theta": 168.04812622070312
            },
            "height": 1936,
            "width": 2592
        },
        {
            "geometryType": "obb",
            "obb": {
                "xc": 1081.7891845703125,
                "yc": 806.8200073242188,
                "w": 175.44424438476562,
                "h": 169.38711547851562,
                "theta": 157.06790161132812
            },
            "height": 1936,
            "width": 2592
        },
        {
            "geometryType": "obb",
            "obb": {
                "xc": 1085.4578857421875,
                "yc": 1106.4688720703125,
                "w": 390.286865234375,
                "h": 157.76925659179688,
                "theta": 171.49542236328125
            },
            "height": 1936,
            "width": 2592
        },
        {
            "geometryType": "obb",
            "obb": {
                "xc": 1087.1220703125,
                "yc": 806.9482421875,
                "w": 187.6267852783203,
                "h": 158.70343017578125,
                "theta": 160.2328338623047
            },
            "height": 1936,
            "width": 2592
        }
    ]
}