{
    "objects": [
        {
            "geometryType": "obb",
            "obb": {
                "xc": 2956.43994140625,
                "yc": 2527.09375,
                "w": 369.81646728515625,
                "h": 115.11132049560547,
                "theta": 8.377182960510254
            },
            "height": 2977,
            "width": 3802
        },
        {
            "geometryType": "obb",
            "obb": {
                "xc": 2926.497802734375,
                "yc": 2664.95556640625,
                "w": 309.1281433105469,
                "h": 80.74136352539062,
                "theta": 176.93350982666016
            },
            "height": 2977,
            "width": 3802
        },
        {
            "geometryType": "obb",
            "obb": {
                "xc": 2732.000244140625,
                "yc": 2566.5,
                "w": 106.43522644042969,
                "h": 67.79778289794922,
                "theta": 144.32359313964844
            },
            "height": 2977,
            "width": 3802
        }
    ]
}