{
    "objects": [
        {
            "geometryType": "obb",
            "obb": {
                "xc": 1320.8031005859375,
                "yc": 925.097900390625,
                "w": 436.1778869628906,
                "h": 149.09188842773438,
                "theta": 170.6900634765625
            },
            "height": 2048,
            "width": 3072
        },
        {
            "geometryType": "obb",
            "obb": {
                "xc": 1744.8585205078125,
                "yc": 982.245361328125,
                "w": 407.8234558105469,
                "h": 164.00848388671875,
                "theta": 15.945395469665527
            },
            "height": 2048,
            "width": 3072
        },
        {
            "geometryType": "obb",
            "obb": {
                "xc": 1500.501220703125,
                "yc": 1443.5936279296875,
                "w": 704.2412719726562,
                "h": 185.5906524658203,
                "theta": 8.168478012084961
            },
            "height": 2048,
            "width": 3072
        },
        {
            "geometryType": "obb",
            "obb": {
                "xc": 1059.719482421875,
                "yc": 1010.3115844726562,
                "w": 108.9614486694336,
                "h": 97.60332489013672,
                "theta": 152.07102584838867
            },
            "height": 2048,
            "width": 3072
        }
    ]
}