{
    "objects": [
        {
            "geometryType": "obb",
            "obb": {
                "xc": 521.504150390625,
                "yc": 219.5301513671875,
                "w": 263.1816101074219,
                "h": 133.03016662597656,
                "theta": 1.7183581590652466
            },
            "height": 960,
            "width": 1280
        },
        {
            "geometryType": "obb",
            "obb": {
                "xc": 540.5828857421875,
                "yc": 358.860595703125,
                "w": 446.0401306152344,
                "h": 138.28927612304688,
                "theta": 4.159641742706299
            },
            "height": 960,
            "width": 1280
        }
    ]
}