{
    "objects": [
        {
            "geometryType": "obb",
            "obb": {
                "xc": 511.04937744140625,
                "yc": 447.2711486816406,
                "w": 526.0531005859375,
                "h": 122.56465148925781,
                "theta": 0.36649253964424133
            },
            "height": 576,
            "width": 1024
        },
        {
            "geometryType": "obb",
            "obb": {
                "xc": 513.0000610351562,
                "yc": 516.0000610351562,
                "w": 321.8532409667969,
                "h": 47.015533447265625,
                "theta": 179.81925201416016
            },
            "height": 576,
            "width": 1024
        }
    ]
}