{
    "objects": [
        {
            "geometryType": "obb",
            "obb": {
                "xc": 801.07763671875,
                "yc": 1134.413330078125,
                "w": 800.080810546875,
                "h": 173.343017578125,
                "theta": 176.8519058227539
            },
            "height": 2592,
            "width": 1936
        },
        {
            "geometryType": "obb",
            "obb": {
                "xc": 814.44775390625,
                "yc": 1460.0804443359375,
                "w": 555.5396728515625,
                "h": 179.73512268066406,
                "theta": 178.7635955810547
            },
            "height": 2592,
            "width": 1936
        },
        {
            "geometryType": "obb",
            "obb": {
                "xc": 1522.470703125,
                "yc": 343.0807189941406,
                "w": 752.510498046875,
                "h": 287.98101806640625,
                "theta": 178.17203521728516
            },
            "height": 2592,
            "width": 1936
        },
        {
            "geometryType": "obb",
            "obb": {
                "xc": 463.9726867675781,
                "yc": 379.2935485839844,
                "w": 831.2222290039062,
                "h": 306.8362121582031,
                "theta": 179.0774383544922
            },
            "height": 2592,
            "width": 1936
        }
    ]
}