{
    "objects": [
        {
            "geometryType": "obb",
            "obb": {
                "xc": 861.8212280273438,
                "yc": 762.2276000976562,
                "w": 665.9610595703125,
                "h": 184.43417358398438,
                "theta": 0.29083898663520813
            },
            "height": 1936,
            "width": 1936
        },
        {
            "geometryType": "obb",
            "obb": {
                "xc": 857.5,
                "yc": 883.5,
                "w": 525.0,
                "h": 79.0,
                "theta": 0.0
            },
            "height": 1936,
            "width": 1936
        },
        {
            "geometryType": "obb",
            "obb": {
                "xc": 861.5087280273438,
                "yc": 975.2573852539062,
                "w": 176.14585876464844,
                "h": 75.5503921508789,
                "theta": 0.6700954437255859
            },
            "height": 1936,
            "width": 1936
        }
    ]
}