{
    "objects": [
        {
            "geometryType": "obb",
            "obb": {
                "xc": 1257.411865234375,
                "yc": 659.735595703125,
                "w": 1212.1729736328125,
                "h": 291.5999450683594,
                "theta": 1.2092300653457642
            },
            "height": 1936,
            "width": 2592
        },
        {
            "geometryType": "obb",
            "obb": {
                "xc": 1227.8388671875,
                "yc": 1264.982666015625,
                "w": 1743.2554931640625,
                "h": 415.9709167480469,
                "theta": 0.45653036236763
            },
            "height": 1936,
            "width": 2592
        }
    ]
}