{
    "objects": [
        {
            "geometryType": "obb",
            "obb": {
                "xc": 466.96533203125,
                "yc": 334.3465270996094,
                "w": 73.63275146484375,
                "h": 53.63250732421875,
                "theta": 5.710593223571777
            },
            "height": 1024,
            "width": 786
        },
        {
            "geometryType": "obb",
            "obb": {
                "xc": 432.7113037109375,
                "yc": 744.2738037109375,
                "w": 491.3886413574219,
                "h": 135.85879516601562,
                "theta": 177.1697006225586
            },
            "height": 1024,
            "width": 786
        },
        {
            "geometryType": "obb",
            "obb": {
                "xc": 441.6937561035156,
                "yc": 803.1889038085938,
                "w": 284.3944396972656,
                "h": 54.83317947387695,
                "theta": 177.15786743164062
            },
            "height": 1024,
            "width": 786
        }
    ]
}