{
    "objects": [
        {
            "geometryType": "obb",
            "obb": {
                "xc": 762.2362060546875,
                "yc": 954.7236938476562,
                "w": 564.1490478515625,
                "h": 186.76524353027344,
                "theta": 136.32452011108398
            },
            "height": 2592,
            "width": 1936
        },
        {
            "geometryType": "obb",
            "obb": {
                "xc": 978.760009765625,
                "yc": 1483.610107421875,
                "w": 301.7956237792969,
                "h": 108.88600158691406,
                "theta": 1.481457233428955
            },
            "height": 2592,
            "width": 1936
        },
        {
            "geometryType": "obb",
            "obb": {
                "xc": 1266.6907958984375,
                "yc": 1069.543212890625,
                "w": 691.3187866210938,
                "h": 276.69232177734375,
                "theta": 69.51964569091797
            },
            "height": 2592,
            "width": 1936
        },
        {
            "geometryType": "obb",
            "obb": {
                "xc": 653.795654296875,
                "yc": 1304.9765625,
                "w": 211.73094177246094,
                "h": 91.0579833984375,
                "theta": 62.850318908691406
            },
            "height": 2592,
            "width": 1936
        }
    ]
}