{
    "objects": [
        {
            "geometryType": "obb",
            "obb": {
                "xc": 151.60763549804688,
                "yc": 67.49624633789062,
                "w": 102.04541778564453,
                "h": 41.8097038269043,
                "theta": 7.46056604385376
            },
            "height": 200,
            "width": 300
        },
        {
            "geometryType": "obb",
            "obb": {
                "xc": 147.1219482421875,
                "yc": 99.9024429321289,
                "w": 42.18484878540039,
                "h": 19.65681266784668,
                "theta": 6.34019136428833
            },
            "height": 200,
            "width": 300
        },
        {
            "geometryType": "obb",
            "obb": {
                "xc": 152.6668701171875,
                "yc": 125.67897033691406,
                "w": 106.17733764648438,
                "h": 33.053138732910156,
                "theta": 7.199233531951904
            },
            "height": 200,
            "width": 300
        },
        {
            "geometryType": "obb",
            "obb": {
                "xc": 186.71005249023438,
                "yc": 33.7484016418457,
                "w": 49.1207275390625,
                "h": 12.54996395111084,
                "theta": 2.2906100749969482
            },
            "height": 200,
            "width": 300
        }
    ]
}