{
    "objects": [
        {
            "geometryType": "obb",
            "obb": {
                "xc": 985.9727172851562,
                "yc": 825.0555419921875,
                "w": 510.4737854003906,
                "h": 97.88020324707031,
                "theta": 175.13549041748047
            },
            "height": 2592,
            "width": 1936
        },
        {
            "geometryType": "obb",
            "obb": {
                "xc": 995.62744140625,
                "yc": 1004.4675903320312,
                "w": 630.135498046875,
                "h": 204.72752380371094,
                "theta": 177.04541778564453
            },
            "height": 2592,
            "width": 1936
        },
        {
            "geometryType": "obb",
            "obb": {
                "xc": 976.346923828125,
                "yc": 1338.863525390625,
                "w": 462.4299011230469,
                "h": 123.00923919677734,
                "theta": 176.27437591552734
            },
            "height": 2592,
            "width": 1936
        }
    ]
}