{
    "objects": [
        {
            "geometryType": "obb",
            "obb": {
                "xc": 425.61029052734375,
                "yc": 111.35189819335938,
                "w": 225.2017822265625,
                "h": 177.38160705566406,
                "theta": 16.406774520874023
            },
            "height": 492,
            "width": 658
        },
        {
            "geometryType": "obb",
            "obb": {
                "xc": 353.95697021484375,
                "yc": 309.83551025390625,
                "w": 129.7534637451172,
                "h": 35.78409957885742,
                "theta": 62.612579345703125
            },
            "height": 492,
            "width": 658
        },
        {
            "geometryType": "obb",
            "obb": {
                "xc": 399.0000915527344,
                "yc": 364.00006103515625,
                "w": 52.741615295410156,
                "h": 30.501174926757812,
                "theta": 96.84277391433716
            },
            "height": 492,
            "width": 658
        },
        {
            "geometryType": "obb",
            "obb": {
                "xc": 461.3658752441406,
                "yc": 341.2926940917969,
                "w": 124.31431579589844,
                "h": 56.84725570678711,
                "theta": 128.65980911254883
            },
            "height": 492,
            "width": 658
        }
    ]
}