{
    "objects": [
        {
            "geometryType": "obb",
            "obb": {
                "xc": 247.5026397705078,
                "yc": 148.54660034179688,
                "w": 77.04444885253906,
                "h": 21.452054977416992,
                "theta": 158.35556030273438
            },
            "height": 450,
            "width": 600
        },
        {
            "geometryType": "obb",
            "obb": {
                "xc": 310.5,
                "yc": 135.0,
                "w": 55.0,
                "h": 22.0,
                "theta": 0.0
            },
            "height": 450,
            "width": 600
        },
        {
            "geometryType": "obb",
            "obb": {
                "xc": 370.42364501953125,
                "yc": 143.41546630859375,
                "w": 71.47479248046875,
                "h": 22.733381271362305,
                "theta": 21.33686065673828
            },
            "height": 450,
            "width": 600
        }
    ]
}