{
    "objects": [
        {
            "geometryType": "obb",
            "obb": {
                "xc": 296.327880859375,
                "yc": 623.6976318359375,
                "w": 348.874267578125,
                "h": 86.61203002929688,
                "theta": 155.2726821899414
            },
            "height": 1200,
            "width": 1600
        },
        {
            "geometryType": "obb",
            "obb": {
                "xc": 559.4175415039062,
                "yc": 533.2273559570312,
                "w": 235.68060302734375,
                "h": 94.6944580078125,
                "theta": 175.15599822998047
            },
            "height": 1200,
            "width": 1600
        },
        {
            "geometryType": "obb",
            "obb": {
                "xc": 841.173095703125,
                "yc": 521.3045654296875,
                "w": 318.5407409667969,
                "h": 108.87158966064453,
                "theta": 8.238104820251465
            },
            "height": 1200,
            "width": 1600
        },
        {
            "geometryType": "obb",
            "obb": {
                "xc": 1117.506591796875,
                "yc": 595.9476318359375,
                "w": 250.6786651611328,
                "h": 108.05345153808594,
                "theta": 25.70995330810547
            },
            "height": 1200,
            "width": 1600
        }
    ]
}