{
    "objects": [
        {
            "geometryType": "obb",
            "obb": {
                "xc": 774.0313720703125,
                "yc": 362.7261047363281,
                "w": 557.8796997070312,
                "h": 181.494140625,
                "theta": 1.412838339805603
            },
            "height": 1600,
            "width": 1600
        },
        {
            "geometryType": "obb",
            "obb": {
                "xc": 764.4088134765625,
                "yc": 701.5663452148438,
                "w": 756.0106811523438,
                "h": 154.9229278564453,
                "theta": 0.3063916265964508
            },
            "height": 1600,
            "width": 1600
        },
        {
            "geometryType": "obb",
            "obb": {
                "xc": 634.029541015625,
                "yc": 1070.6024169921875,
                "w": 309.0083312988281,
                "h": 94.60043334960938,
                "theta": 17.631792068481445
            },
            "height": 1600,
            "width": 1600
        },
        {
            "geometryType": "obb",
            "obb": {
                "xc": 904.163818359375,
                "yc": 1067.715576171875,
                "w": 255.7849578857422,
                "h": 83.11697387695312,
                "theta": 156.80140686035156
            },
            "height": 1600,
            "width": 1600
        }
    ]
}