{
    "objects": [
        {
            "geometryType": "obb",
            "obb": {
                "xc": 196.2151336669922,
                "yc": 185.92684936523438,
                "w": 59.267974853515625,
                "h": 31.167757034301758,
                "theta": 71.22196960449219
            },
            "height": 413,
            "width": 620
        },
        {
            "geometryType": "obb",
            "obb": {
                "xc": 266.7882385253906,
                "yc": 260.344970703125,
                "w": 151.13949584960938,
                "h": 47.82421112060547,
                "theta": 23.070411682128906
            },
            "height": 413,
            "width": 620
        },
        {
            "geometryType": "obb",
            "obb": {
                "xc": 369.09130859375,
                "yc": 238.34739685058594,
                "w": 100.3277587890625,
                "h": 44.444828033447266,
                "theta": 118.84265899658203
            },
            "height": 413,
            "width": 620
        }
    ]
}