{
    "objects": [
        {
            "geometryType": "obb",
            "obb": {
                "xc": 318.7594909667969,
                "yc": 284.35675048828125,
                "w": 78.74148559570312,
                "h": 32.20240020751953,
                "theta": 143.97262954711914
            },
            "height": 1008,
            "width": 567
        },
        {
            "geometryType": "obb",
            "obb": {
                "xc": 383.5946350097656,
                "yc": 283.1341552734375,
                "w": 83.49869537353516,
                "h": 37.78487014770508,
                "theta": 28.237442016601562
            },
            "height": 1008,
            "width": 567
        },
        {
            "geometryType": "obb",
            "obb": {
                "xc": 349.75665283203125,
                "yc": 382.5188293457031,
                "w": 136.14443969726562,
                "h": 55.05580520629883,
                "theta": 1.0708245038986206
            },
            "height": 1008,
            "width": 567
        }
    ]
}