{
    "objects": [
        {
            "geometryType": "obb",
            "obb": {
                "xc": 254.1560516357422,
                "yc": 345.9891357421875,
                "w": 645.8955078125,
                "h": 248.20347595214844,
                "theta": 126.18478012084961
            },
            "height": 960,
            "width": 1280
        },
        {
            "geometryType": "obb",
            "obb": {
                "xc": 932.3277587890625,
                "yc": 296.5062255859375,
                "w": 877.6172485351562,
                "h": 293.39056396484375,
                "theta": 35.72617721557617
            },
            "height": 960,
            "width": 1280
        },
        {
            "geometryType": "obb",
            "obb": {
                "xc": 826.4149169921875,
                "yc": 812.3989868164062,
                "w": 141.5995635986328,
                "h": 74.00724792480469,
                "theta": 72.05754852294922
            },
            "height": 960,
            "width": 1280
        }
    ]
}