{
    "objects": [
        {
            "geometryType": "obb",
            "obb": {
                "xc": 145.3699951171875,
                "yc": 81.47421264648438,
                "w": 148.8964385986328,
                "h": 53.38496780395508,
                "theta": 154.34073638916016
            },
            "height": 262,
            "width": 399
        },
        {
            "geometryType": "obb",
            "obb": {
                "xc": 279.84686279296875,
                "yc": 83.18223571777344,
                "w": 130.46949768066406,
                "h": 43.12459182739258,
                "theta": 30.5792293548584
            },
            "height": 262,
            "width": 399
        },
        {
            "geometryType": "obb",
            "obb": {
                "xc": 210.52976989746094,
                "yc": 211.24929809570312,
                "w": 84.0714111328125,
                "h": 46.605838775634766,
                "theta": 178.63607025146484
            },
            "height": 262,
            "width": 399
        }
    ]
}