{
    "objects": [
        {
            "geometryType": "obb",
            "obb": {
                "xc": 475.0,
                "yc": 757.0,
                "w": 794.0,
                "h": 112.0,
                "theta": -0.0
            },
            "height": 1280,
            "width": 960
        },
        {
            "geometryType": "obb",
            "obb": {
                "xc": 399.2894287109375,
                "yc": 521.08984375,
                "w": 158.70828247070312,
                "h": 57.64237594604492,
                "theta": 47.095252990722656
            },
            "height": 1280,
            "width": 960
        },
        {
            "geometryType": "obb",
            "obb": {
                "xc": 514.2490844726562,
                "yc": 520.702880859375,
                "w": 131.93487548828125,
                "h": 53.959259033203125,
                "theta": 129.15543365478516
            },
            "height": 1280,
            "width": 960
        }
    ]
}