{
    "objects": [
        {
            "geometryType": "obb",
            "obb": {
                "xc": 407.40338134765625,
                "yc": 425.0791931152344,
                "w": 340.7930908203125,
                "h": 104.70369720458984,
                "theta": 164.9383316040039
            },
            "height": 960,
            "width": 1280
        },
        {
            "geometryType": "obb",
            "obb": {
                "xc": 737.720947265625,
                "yc": 446.3260192871094,
                "w": 275.7022705078125,
                "h": 103.22811126708984,
                "theta": 25.213499069213867
            },
            "height": 960,
            "width": 1280
        },
        {
            "geometryType": "obb",
            "obb": {
                "xc": 565.9423828125,
                "yc": 700.4270629882812,
                "w": 600.6008911132812,
                "h": 109.21392059326172,
                "theta": 2.3137223720550537
            },
            "height": 960,
            "width": 1280
        }
    ]
}