{
    "objects": [
        {
            "geometryType": "obb",
            "obb": {
                "xc": 430.0,
                "yc": 780.0,
                "w": 142.0,
                "h": 102.0,
                "theta": 90.0
            },
            "height": 1280,
            "width": 960
        },
        {
            "geometryType": "obb",
            "obb": {
                "xc": 291.6405029296875,
                "yc": 709.3543090820312,
                "w": 235.39051818847656,
                "h": 84.62608337402344,
                "theta": 177.91201782226562
            },
            "height": 1280,
            "width": 960
        },
        {
            "geometryType": "obb",
            "obb": {
                "xc": 160.04222106933594,
                "yc": 777.577880859375,
                "w": 81.41252899169922,
                "h": 45.3247184753418,
                "theta": 117.82409477233887
            },
            "height": 1280,
            "width": 960
        }
    ]
}