{
    "objects": [
        {
            "geometryType": "obb",
            "obb": {
                "xc": 652.3486938476562,
                "yc": 518.7406005859375,
                "w": 286.6275939941406,
                "h": 89.39043426513672,
                "theta": 3.546853542327881
            },
            "height": 1280,
            "width": 1280
        },
        {
            "geometryType": "obb",
            "obb": {
                "xc": 642.7679443359375,
                "yc": 823.4740600585938,
                "w": 298.81890869140625,
                "h": 100.78364562988281,
                "theta": 3.921398639678955
            },
            "height": 1280,
            "width": 1280
        },
        {
            "geometryType": "obb",
            "obb": {
                "xc": 336.34564208984375,
                "yc": 823.7919921875,
                "w": 56.24851608276367,
                "h": 40.144412994384766,
                "theta": 79.99201965332031
            },
            "height": 1280,
            "width": 1280
        },
        {
            "geometryType": "obb",
            "obb": {
                "xc": 656.45947265625,
                "yc": 663.2957763671875,
                "w": 235.1464385986328,
                "h": 209.10198974609375,
                "theta": 97.80018758773804
            },
            "height": 1280,
            "width": 1280
        }
    ]
}