{
    "objects": [
        {
            "geometryType": "obb",
            "obb": {
                "xc": 745.8052978515625,
                "yc": 357.5525207519531,
                "w": 86.09297943115234,
                "h": 34.96278381347656,
                "theta": 2.642545223236084
            },
            "height": 960,
            "width": 1280
        },
        {
            "geometryType": "obb",
            "obb": {
                "xc": 515.8006591796875,
                "yc": 285.5281066894531,
                "w": 480.4917297363281,
                "h": 129.41441345214844,
                "theta": 4.777795791625977
            },
            "height": 960,
            "width": 1280
        },
        {
            "geometryType": "obb",
            "obb": {
                "xc": 274.0,
                "yc": 629.5,
                "w": 134.0,
                "h": 45.0,
                "theta": -0.0
            },
            "height": 960,
            "width": 1280
        }
    ]
}