{
    "objects": [
        {
            "geometryType": "obb",
            "obb": {
                "xc": 267.5,
                "yc": 200.5,
                "w": 54.99999237060547,
                "h": 14.999998092651367,
                "theta": 0.0
            },
            "height": 333,
            "width": 500
        },
        {
            "geometryType": "obb",
            "obb": {
                "xc": 262.8955383300781,
                "yc": 136.53904724121094,
                "w": 146.0729217529297,
                "h": 51.062374114990234,
                "theta": 178.7939453125
            },
            "height": 333,
            "width": 500
        },
        {
            "geometryType": "obb",
            "obb": {
                "xc": 268.0,
                "yc": 242.0,
                "w": 184.0,
                "h": 108.0,
                "theta": 0.0
            },
            "height": 333,
            "width": 500
        }
    ]
}