{
    "objects": [
        {
            "geometryType": "obb",
            "obb": {
                "xc": 166.4477081298828,
                "yc": 900.7363891601562,
                "w": 182.53123474121094,
                "h": 73.17103576660156,
                "theta": 176.0817413330078
            },
            "height": 1280,
            "width": 947
        },
        {
            "geometryType": "obb",
            "obb": {
                "xc": 491.0447998046875,
                "yc": 608.8970947265625,
                "w": 153.14630126953125,
                "h": 116.70490264892578,
                "theta": 175.45623779296875
            },
            "height": 1280,
            "width": 947
        }
    ]
}