{
    "objects": [
        {
            "geometryType": "obb",
            "obb": {
                "xc": 361.35821533203125,
                "yc": 607.51953125,
                "w": 185.50279235839844,
                "h": 57.80827713012695,
                "theta": 157.21759033203125
            },
            "height": 1280,
            "width": 960
        },
        {
            "geometryType": "obb",
            "obb": {
                "xc": 555.3999633789062,
                "yc": 617.699951171875,
                "w": 153.39425659179688,
                "h": 53.66563034057617,
                "theta": 26.56505012512207
            },
            "height": 1280,
            "width": 960
        }
    ]
}