{
    "objects": [
        {
            "geometryType": "obb",
            "obb": {
                "xc": 401.13055419921875,
                "yc": 374.65887451171875,
                "w": 244.15052795410156,
                "h": 102.41542053222656,
                "theta": 131.58639907836914
            },
            "height": 947,
            "width": 1280
        },
        {
            "geometryType": "obb",
            "obb": {
                "xc": 714.643798828125,
                "yc": 360.4898986816406,
                "w": 369.1730651855469,
                "h": 128.89962768554688,
                "theta": 39.130401611328125
            },
            "height": 947,
            "width": 1280
        },
        {
            "geometryType": "obb",
            "obb": {
                "xc": 447.85400390625,
                "yc": 563.6658325195312,
                "w": 179.53375244140625,
                "h": 56.09824752807617,
                "theta": 24.08319664001465
            },
            "height": 947,
            "width": 1280
        },
        {
            "geometryType": "obb",
            "obb": {
                "xc": 696.7290649414062,
                "yc": 576.4034423828125,
                "w": 185.55038452148438,
                "h": 56.380985260009766,
                "theta": 160.14479064941406
            },
            "height": 947,
            "width": 1280
        }
    ]
}