{
    "objects": [
        {
            "geometryType": "obb",
            "obb": {
                "xc": 441.7384948730469,
                "yc": 297.03558349609375,
                "w": 703.317626953125,
                "h": 171.79490661621094,
                "theta": 176.92254638671875
            },
            "height": 768,
            "width": 1024
        },
        {
            "geometryType": "obb",
            "obb": {
                "xc": 404.2275695800781,
                "yc": 568.02783203125,
                "w": 502.60369873046875,
                "h": 147.0718231201172,
                "theta": 177.6088104248047
            },
            "height": 768,
            "width": 1024
        }
    ]
}