{
    "objects": [
        {
            "geometryType": "obb",
            "obb": {
                "xc": 373.0,
                "yc": 465.0,
                "w": 256.0,
                "h": 94.0,
                "theta": 180.0
            },
            "height": 1280,
            "width": 1280
        },
        {
            "geometryType": "obb",
            "obb": {
                "xc": 796.0,
                "yc": 549.5,
                "w": 90.0,
                "h": 31.0,
                "theta": 180.0
            },
            "height": 1280,
            "width": 1280
        },
        {
            "geometryType": "obb",
            "obb": {
                "xc": 380.1585693359375,
                "yc": 284.57318115234375,
                "w": 300.10186767578125,
                "h": 120.96675872802734,
                "theta": 2.97373104095459
            },
            "height": 1280,
            "width": 1280
        },
        {
            "geometryType": "obb",
            "obb": {
                "xc": 805.9641723632812,
                "yc": 489.6117858886719,
                "w": 441.15765380859375,
                "h": 93.04838562011719,
                "theta": 1.847610354423523
            },
            "height": 1280,
            "width": 1280
        }
    ]
}