{
    "objects": [
        {
            "geometryType": "obb",
            "obb": {
                "xc": 582.5,
                "yc": 524.0,
                "w": 162.05747985839844,
                "h": 25.10723304748535,
                "theta": 2.5050928592681885
            },
            "height": 960,
            "width": 1280
        },
        {
            "geometryType": "obb",
            "obb": {
                "xc": 498.34283447265625,
                "yc": 554.5018310546875,
                "w": 238.11880493164062,
                "h": 37.04193115234375,
                "theta": 172.61395263671875
            },
            "height": 960,
            "width": 1280
        },
        {
            "geometryType": "obb",
            "obb": {
                "xc": 694.1832275390625,
                "yc": 566.3890991210938,
                "w": 151.05393981933594,
                "h": 32.52175521850586,
                "theta": 14.664461135864258
            },
            "height": 960,
            "width": 1280
        }
    ]
}