{
    "objects": [
        {
            "geometryType": "obb",
            "obb": {
                "xc": 233.5106201171875,
                "yc": 636.27880859375,
                "w": 212.07781982421875,
                "h": 65.40052795410156,
                "theta": 157.54639434814453
            },
            "height": 1280,
            "width": 947
        },
        {
            "geometryType": "obb",
            "obb": {
                "xc": 552.5878295898438,
                "yc": 589.2891235351562,
                "w": 366.3349609375,
                "h": 83.25845336914062,
                "theta": 6.375320911407471
            },
            "height": 1280,
            "width": 947
        }
    ]
}