{
    "objects": [
        {
            "geometryType": "obb",
            "obb": {
                "xc": 566.3004150390625,
                "yc": 245.69161987304688,
                "w": 696.1917114257812,
                "h": 266.38848876953125,
                "theta": 3.8359289169311523
            },
            "height": 768,
            "width": 1024
        }
    ]
}