{
    "objects": [
        {
            "geometryType": "obb",
            "obb": {
                "xc": 406.44866943359375,
                "yc": 251.52732849121094,
                "w": 735.2345581054688,
                "h": 258.931396484375,
                "theta": 173.7965545654297
            },
            "height": 517,
            "width": 780
        },
        {
            "geometryType": "obb",
            "obb": {
                "xc": 585.0,
                "yc": 483.0,
                "w": 26.0,
                "h": 24.0,
                "theta": 90.0
            },
            "height": 517,
            "width": 780
        },
        {
            "geometryType": "obb",
            "obb": {
                "xc": 685.0,
                "yc": 483.0,
                "w": 146.0,
                "h": 16.0,
                "theta": -0.0
            },
            "height": 517,
            "width": 780
        }
    ]
}