{
    "objects": [
        {
            "geometryType": "obb",
            "obb": {
                "xc": 783.4903564453125,
                "yc": 366.14056396484375,
                "w": 64.76110076904297,
                "h": 25.987823486328125,
                "theta": 13.392498016357422
            },
            "height": 960,
            "width": 1280
        },
        {
            "geometryType": "obb",
            "obb": {
                "xc": 776.66015625,
                "yc": 392.8061828613281,
                "w": 109.73143768310547,
                "h": 36.652103424072266,
                "theta": 12.994616508483887
            },
            "height": 960,
            "width": 1280
        },
        {
            "geometryType": "obb",
            "obb": {
                "xc": 780.1435546875,
                "yc": 417.6763610839844,
                "w": 110.85145568847656,
                "h": 17.94952964782715,
                "theta": 9.887989044189453
            },
            "height": 960,
            "width": 1280
        },
        {
            "geometryType": "obb",
            "obb": {
                "xc": 809.3228149414062,
                "yc": 527.45703125,
                "w": 251.21743774414062,
                "h": 42.71492004394531,
                "theta": 17.19854164123535
            },
            "height": 960,
            "width": 1280
        }
    ]
}