{
    "objects": [
        {
            "geometryType": "obb",
            "obb": {
                "xc": 497.06634521484375,
                "yc": 532.6664428710938,
                "w": 436.7047424316406,
                "h": 162.23593139648438,
                "theta": 7.33111572265625
            },
            "height": 1280,
            "width": 960
        },
        {
            "geometryType": "obb",
            "obb": {
                "xc": 257.5000305175781,
                "yc": 628.0000610351562,
                "w": 68.29051208496094,
                "h": 43.144004821777344,
                "theta": 179.04515838623047
            },
            "height": 1280,
            "width": 960
        },
        {
            "geometryType": "obb",
            "obb": {
                "xc": 471.0494384765625,
                "yc": 939.3758544921875,
                "w": 172.85971069335938,
                "h": 69.5029525756836,
                "theta": 6.159163475036621
            },
            "height": 1280,
            "width": 960
        }
    ]
}