{
    "objects": [
        {
            "geometryType": "obb",
            "obb": {
                "xc": 158.51202392578125,
                "yc": 88.51705932617188,
                "w": 224.84918212890625,
                "h": 118.52529907226562,
                "theta": 171.4163818359375
            },
            "height": 333,
            "width": 310
        },
        {
            "geometryType": "obb",
            "obb": {
                "xc": 147.0,
                "yc": 258.5,
                "w": 52.950828552246094,
                "h": 15.271211624145508,
                "theta": 175.42607879638672
            },
            "height": 333,
            "width": 310
        }
    ]
}