{
    "objects": [
        {
            "geometryType": "obb",
            "obb": {
                "xc": 429.5,
                "yc": 672.5,
                "w": 357.0,
                "h": 39.0,
                "theta": 180.0
            },
            "height": 1280,
            "width": 960
        },
        {
            "geometryType": "obb",
            "obb": {
                "xc": 242.674072265625,
                "yc": 331.2259521484375,
                "w": 284.2348327636719,
                "h": 77.92383575439453,
                "theta": 129.77509307861328
            },
            "height": 1280,
            "width": 960
        },
        {
            "geometryType": "obb",
            "obb": {
                "xc": 459.153076171875,
                "yc": 226.09744262695312,
                "w": 171.93678283691406,
                "h": 52.499778747558594,
                "theta": 5.457552909851074
            },
            "height": 1280,
            "width": 960
        },
        {
            "geometryType": "obb",
            "obb": {
                "xc": 649.7601928710938,
                "yc": 329.24285888671875,
                "w": 230.183837890625,
                "h": 59.541019439697266,
                "theta": 55.124671936035156
            },
            "height": 1280,
            "width": 960
        }
    ]
}