{
    "objects": [
        {
            "geometryType": "obb",
            "obb": {
                "xc": 164.40878295898438,
                "yc": 152.3089141845703,
                "w": 166.92254638671875,
                "h": 71.47027587890625,
                "theta": 162.07208251953125
            },
            "height": 480,
            "width": 640
        },
        {
            "geometryType": "obb",
            "obb": {
                "xc": 362.056396484375,
                "yc": 147.46795654296875,
                "w": 187.3924560546875,
                "h": 71.41326904296875,
                "theta": 17.126134872436523
            },
            "height": 480,
            "width": 640
        },
        {
            "geometryType": "obb",
            "obb": {
                "xc": 257.2553405761719,
                "yc": 356.22418212890625,
                "w": 353.1023864746094,
                "h": 40.485477447509766,
                "theta": 179.01788330078125
            },
            "height": 480,
            "width": 640
        },
        {
            "geometryType": "obb",
            "obb": {
                "xc": 591.70947265625,
                "yc": 469.0067443847656,
                "w": 62.93499755859375,
                "h": 16.023921966552734,
                "theta": 1.8476102352142334
            },
            "height": 480,
            "width": 640
        }
    ]
}