{
    "objects": [
        {
            "geometryType": "obb",
            "obb": {
                "xc": 273.9434814453125,
                "yc": 119.3160400390625,
                "w": 291.4874572753906,
                "h": 120.50791931152344,
                "theta": 7.539444923400879
            },
            "height": 400,
            "width": 535
        },
        {
            "geometryType": "obb",
            "obb": {
                "xc": 274.4210510253906,
                "yc": 289.12884521484375,
                "w": 232.2062225341797,
                "h": 83.6729736328125,
                "theta": 2.9780211448669434
            },
            "height": 400,
            "width": 535
        }
    ]
}