{
    "objects": [
        {
            "geometryType": "obb",
            "obb": {
                "xc": 211.99998474121094,
                "yc": 322.0,
                "w": 66.74674987792969,
                "h": 42.10548400878906,
                "theta": 156.50143432617188
            },
            "height": 1280,
            "width": 720
        },
        {
            "geometryType": "obb",
            "obb": {
                "xc": 308.95196533203125,
                "yc": 313.3602600097656,
                "w": 113.6607894897461,
                "h": 44.60525131225586,
                "theta": 7.594643592834473
            },
            "height": 1280,
            "width": 720
        },
        {
            "geometryType": "obb",
            "obb": {
                "xc": 393.0000305175781,
                "yc": 357.0000305175781,
                "w": 58.89167785644531,
                "h": 42.79918670654297,
                "theta": 38.04704284667969
            },
            "height": 1280,
            "width": 720
        },
        {
            "geometryType": "obb",
            "obb": {
                "xc": 297.6541442871094,
                "yc": 597.948974609375,
                "w": 172.2934112548828,
                "h": 54.573909759521484,
                "theta": 6.170175075531006
            },
            "height": 1280,
            "width": 720
        }
    ]
}