{
    "objects": [
        {
            "geometryType": "obb",
            "obb": {
                "xc": 507.5,
                "yc": 461.5,
                "w": 319.0,
                "h": 103.0,
                "theta": 180.0
            },
            "height": 960,
            "width": 1280
        },
        {
            "geometryType": "obb",
            "obb": {
                "xc": 191.5,
                "yc": 453.5,
                "w": 280.99993896484375,
                "h": 106.99998474121094,
                "theta": 180.0
            },
            "height": 960,
            "width": 1280
        },
        {
            "geometryType": "obb",
            "obb": {
                "xc": 947.5,
                "yc": 483.0,
                "w": 495.0,
                "h": 98.0,
                "theta": 180.0
            },
            "height": 960,
            "width": 1280
        }
    ]
}