{
    "objects": [
        {
            "geometryType": "obb",
            "obb": {
                "xc": 478.2342529296875,
                "yc": 266.40478515625,
                "w": 352.9757080078125,
                "h": 181.7738494873047,
                "theta": 7.943471908569336
            },
            "height": 768,
            "width": 1024
        },
        {
            "geometryType": "obb",
            "obb": {
                "xc": 328.51690673828125,
                "yc": 396.870361328125,
                "w": 179.9716033935547,
                "h": 45.14712905883789,
                "theta": 164.7166976928711
            },
            "height": 768,
            "width": 1024
        },
        {
            "geometryType": "obb",
            "obb": {
                "xc": 515.88818359375,
                "yc": 379.4581604003906,
                "w": 187.22882080078125,
                "h": 43.382286071777344,
                "theta": 5.486155986785889
            },
            "height": 768,
            "width": 1024
        },
        {
            "geometryType": "obb",
            "obb": {
                "xc": 681.7000122070312,
                "yc": 423.1000061035156,
                "w": 145.34442138671875,
                "h": 39.80200958251953,
                "theta": 26.56505012512207
            },
            "height": 768,
            "width": 1024
        }
    ]
}