{
    "objects": [
        {
            "geometryType": "obb",
            "obb": {
                "xc": 265.9948425292969,
                "yc": 383.263916015625,
                "w": 232.9221954345703,
                "h": 77.1294937133789,
                "theta": 166.6512680053711
            },
            "height": 768,
            "width": 1024
        },
        {
            "geometryType": "obb",
            "obb": {
                "xc": 266.7919006347656,
                "yc": 323.1376037597656,
                "w": 181.60397338867188,
                "h": 32.36713790893555,
                "theta": 168.56632232666016
            },
            "height": 768,
            "width": 1024
        },
        {
            "geometryType": "obb",
            "obb": {
                "xc": 641.943603515625,
                "yc": 380.9683532714844,
                "w": 255.6220703125,
                "h": 79.36372375488281,
                "theta": 10.850104331970215
            },
            "height": 768,
            "width": 1024
        },
        {
            "geometryType": "obb",
            "obb": {
                "xc": 459.5351257324219,
                "yc": 348.2633361816406,
                "w": 106.99836730957031,
                "h": 103.65560913085938,
                "theta": 1.1573330163955688
            },
            "height": 768,
            "width": 1024
        }
    ]
}