{
    "objects": [
        {
            "geometryType": "obb",
            "obb": {
                "xc": 144.684326171875,
                "yc": 291.3111267089844,
                "w": 112.2264175415039,
                "h": 55.90121841430664,
                "theta": 11.920738220214844
            },
            "height": 400,
            "width": 600
        },
        {
            "geometryType": "obb",
            "obb": {
                "xc": 158.1926727294922,
                "yc": 210.69761657714844,
                "w": 91.39452362060547,
                "h": 30.413421630859375,
                "theta": 17.969139099121094
            },
            "height": 400,
            "width": 600
        },
        {
            "geometryType": "obb",
            "obb": {
                "xc": 501.1819152832031,
                "yc": 324.5048828125,
                "w": 91.9439926147461,
                "h": 31.708480834960938,
                "theta": 179.13194274902344
            },
            "height": 400,
            "width": 600
        },
        {
            "geometryType": "obb",
            "obb": {
                "xc": 502.0,
                "yc": 355.4999694824219,
                "w": 132.18699645996094,
                "h": 23.99166488647461,
                "theta": 0.4373638331890106
            },
            "height": 400,
            "width": 600
        }
    ]
}