{
    "objects": [
        {
            "geometryType": "obb",
            "obb": {
                "xc": 404.857666015625,
                "yc": 171.40536499023438,
                "w": 314.3868713378906,
                "h": 122.30915832519531,
                "theta": 5.314545154571533
            },
            "height": 1024,
            "width": 768
        },
        {
            "geometryType": "obb",
            "obb": {
                "xc": 297.5,
                "yc": 299.0,
                "w": 41.55044937133789,
                "h": 20.941837310791016,
                "theta": 1.4688007831573486
            },
            "height": 1024,
            "width": 768
        },
        {
            "geometryType": "obb",
            "obb": {
                "xc": 349.32830810546875,
                "yc": 304.49462890625,
                "w": 47.97657775878906,
                "h": 23.64470672607422,
                "theta": 1.7899105548858643
            },
            "height": 1024,
            "width": 768
        },
        {
            "geometryType": "obb",
            "obb": {
                "xc": 433.47784423828125,
                "yc": 300.06201171875,
                "w": 105.64373779296875,
                "h": 31.930570602416992,
                "theta": 1.1934894323349
            },
            "height": 1024,
            "width": 768
        }
    ]
}