{
    "objects": [
        {
            "geometryType": "obb",
            "obb": {
                "xc": 215.9799041748047,
                "yc": 177.78317260742188,
                "w": 111.28936767578125,
                "h": 31.410438537597656,
                "theta": 142.23692321777344
            },
            "height": 349,
            "width": 470
        },
        {
            "geometryType": "obb",
            "obb": {
                "xc": 346.7109069824219,
                "yc": 136.22952270507812,
                "w": 152.3955078125,
                "h": 42.531314849853516,
                "theta": 4.432668685913086
            },
            "height": 349,
            "width": 470
        },
        {
            "geometryType": "obb",
            "obb": {
                "xc": 296.4176025390625,
                "yc": 277.2109375,
                "w": 146.0110626220703,
                "h": 38.67755889892578,
                "theta": 166.87960052490234
            },
            "height": 349,
            "width": 470
        }
    ]
}