{
    "objects": [
        {
            "geometryType": "obb",
            "obb": {
                "xc": 245.6856689453125,
                "yc": 223.1639404296875,
                "w": 391.9032897949219,
                "h": 169.54330444335938,
                "theta": 161.40304565429688
            },
            "height": 780,
            "width": 1040
        },
        {
            "geometryType": "obb",
            "obb": {
                "xc": 739.1849365234375,
                "yc": 257.805419921875,
                "w": 515.7154541015625,
                "h": 191.6177520751953,
                "theta": 25.114835739135742
            },
            "height": 780,
            "width": 1040
        },
        {
            "geometryType": "obb",
            "obb": {
                "xc": 490.0,
                "yc": 612.0000610351562,
                "w": 769.7645874023438,
                "h": 364.47576904296875,
                "theta": 2.6861701011657715
            },
            "height": 780,
            "width": 1040
        }
    ]
}