{
    "objects": [
        {
            "geometryType": "obb",
            "obb": {
                "xc": 247.64202880859375,
                "yc": 247.2412872314453,
                "w": 185.68760681152344,
                "h": 72.3050537109375,
                "theta": 4.61635160446167
            },
            "height": 500,
            "width": 800
        },
        {
            "geometryType": "obb",
            "obb": {
                "xc": 212.49070739746094,
                "yc": 318.2041320800781,
                "w": 46.04336929321289,
                "h": 23.70279884338379,
                "theta": 2.6025619506835938
            },
            "height": 500,
            "width": 800
        },
        {
            "geometryType": "obb",
            "obb": {
                "xc": 295.9713134765625,
                "yc": 329.2029113769531,
                "w": 49.06119155883789,
                "h": 26.42697525024414,
                "theta": 2.337306022644043
            },
            "height": 500,
            "width": 800
        }
    ]
}