{
    "objects": [
        {
            "geometryType": "obb",
            "obb": {
                "xc": 449.0744323730469,
                "yc": 571.2389526367188,
                "w": 350.0020751953125,
                "h": 120.45254516601562,
                "theta": 179.41136169433594
            },
            "height": 1280,
            "width": 959
        },
        {
            "geometryType": "obb",
            "obb": {
                "xc": 445.24908447265625,
                "yc": 713.673583984375,
                "w": 316.8840026855469,
                "h": 120.49755859375,
                "theta": 179.32596588134766
            },
            "height": 1280,
            "width": 959
        },
        {
            "geometryType": "obb",
            "obb": {
                "xc": 794.4916381835938,
                "yc": 626.941162109375,
                "w": 50.48762512207031,
                "h": 42.42624282836914,
                "theta": 82.03038787841797
            },
            "height": 1280,
            "width": 959
        },
        {
            "geometryType": "obb",
            "obb": {
                "xc": 432.0,
                "yc": 642.4999389648438,
                "w": 85.99998474121094,
                "h": 52.99999237060547,
                "theta": -0.0
            },
            "height": 1280,
            "width": 959
        }
    ]
}