{
    "objects": [
        {
            "geometryType": "obb",
            "obb": {
                "xc": 186.446533203125,
                "yc": 154.71336364746094,
                "w": 65.33185577392578,
                "h": 29.091920852661133,
                "theta": 169.4389877319336
            },
            "height": 416,
            "width": 620
        },
        {
            "geometryType": "obb",
            "obb": {
                "xc": 287.3345642089844,
                "yc": 125.54324340820312,
                "w": 111.26004791259766,
                "h": 44.37601089477539,
                "theta": 168.92979431152344
            },
            "height": 416,
            "width": 620
        },
        {
            "geometryType": "obb",
            "obb": {
                "xc": 406.5000305175781,
                "yc": 111.0,
                "w": 97.54529571533203,
                "h": 39.26726531982422,
                "theta": 169.7488021850586
            },
            "height": 416,
            "width": 620
        }
    ]
}