{
    "objects": [
        {
            "geometryType": "obb",
            "obb": {
                "xc": 239.6676788330078,
                "yc": 152.82534790039062,
                "w": 269.9772644042969,
                "h": 109.15504455566406,
                "theta": 141.9529571533203
            },
            "height": 630,
            "width": 632
        },
        {
            "geometryType": "obb",
            "obb": {
                "xc": 449.58404541015625,
                "yc": 463.4853820800781,
                "w": 253.26316833496094,
                "h": 65.6324462890625,
                "theta": 140.01985549926758
            },
            "height": 630,
            "width": 632
        }
    ]
}