{
    "objects": [
        {
            "geometryType": "obb",
            "obb": {
                "xc": 47.323524475097656,
                "yc": 234.2941131591797,
                "w": 93.64641571044922,
                "h": 40.41905212402344,
                "theta": 4.398705959320068
            },
            "height": 500,
            "width": 714
        },
        {
            "geometryType": "obb",
            "obb": {
                "xc": 55.0,
                "yc": 323.0,
                "w": 48.0,
                "h": 30.0,
                "theta": -0.0
            },
            "height": 500,
            "width": 714
        },
        {
            "geometryType": "obb",
            "obb": {
                "xc": 381.88641357421875,
                "yc": 314.0025939941406,
                "w": 58.03047180175781,
                "h": 14.723472595214844,
                "theta": 178.69805145263672
            },
            "height": 500,
            "width": 714
        },
        {
            "geometryType": "obb",
            "obb": {
                "xc": 426.5,
                "yc": 315.5,
                "w": 27.0,
                "h": 15.0,
                "theta": -0.0
            },
            "height": 500,
            "width": 714
        }
    ]
}