{
    "objects": [
        {
            "geometryType": "obb",
            "obb": {
                "xc": 155.53024291992188,
                "yc": 79.75241088867188,
                "w": 99.01600646972656,
                "h": 23.47110939025879,
                "theta": 179.3704071044922
            },
            "height": 183,
            "width": 275
        },
        {
            "geometryType": "obb",
            "obb": {
                "xc": 152.90206909179688,
                "yc": 100.08756256103516,
                "w": 73.10951232910156,
                "h": 21.85762596130371,
                "theta": 176.86363983154297
            },
            "height": 183,
            "width": 275
        },
        {
            "geometryType": "obb",
            "obb": {
                "xc": 131.51380920410156,
                "yc": 119.16552734375,
                "w": 13.204231262207031,
                "h": 9.965457916259766,
                "theta": 85.2363510131836
            },
            "height": 183,
            "width": 275
        }
    ]
}