{
    "objects": [
        {
            "geometryType": "obb",
            "obb": {
                "xc": 171.172607421875,
                "yc": 431.8397521972656,
                "w": 107.96300506591797,
                "h": 38.3810920715332,
                "theta": 2.12109637260437
            },
            "height": 600,
            "width": 398
        },
        {
            "geometryType": "obb",
            "obb": {
                "xc": 168.2467041015625,
                "yc": 451.0278015136719,
                "w": 180.88497924804688,
                "h": 55.99635696411133,
                "theta": 3.2020206451416016
            },
            "height": 600,
            "width": 398
        },
        {
            "geometryType": "obb",
            "obb": {
                "xc": 376.5,
                "yc": 582.5,
                "w": 17.0,
                "h": 11.0,
                "theta": 180.0
            },
            "height": 600,
            "width": 398
        }
    ]
}