{
    "objects": [
        {
            "geometryType": "obb",
            "obb": {
                "xc": 483.2764892578125,
                "yc": 264.2937927246094,
                "w": 596.8406372070312,
                "h": 152.33697509765625,
                "theta": 1.642831802368164
            },
            "height": 663,
            "width": 1000
        },
        {
            "geometryType": "obb",
            "obb": {
                "xc": 481.43505859375,
                "yc": 485.9987487792969,
                "w": 747.0006713867188,
                "h": 97.00259399414062,
                "theta": 179.92330169677734
            },
            "height": 663,
            "width": 1000
        }
    ]
}