{
    "objects": [
        {
            "geometryType": "obb",
            "obb": {
                "xc": 285.7238464355469,
                "yc": 487.99664306640625,
                "w": 160.9750518798828,
                "h": 49.64695358276367,
                "theta": 160.70995330810547
            },
            "height": 1024,
            "width": 768
        },
        {
            "geometryType": "obb",
            "obb": {
                "xc": 443.98974609375,
                "yc": 493.2226257324219,
                "w": 120.6649398803711,
                "h": 41.29753112792969,
                "theta": 24.443954467773438
            },
            "height": 1024,
            "width": 768
        }
    ]
}