{
    "objects": [
        {
            "geometryType": "obb",
            "obb": {
                "xc": 420.6962890625,
                "yc": 337.8854675292969,
                "w": 290.9781799316406,
                "h": 86.47125244140625,
                "theta": 174.72259521484375
            },
            "height": 500,
            "width": 824
        }
    ]
}