{
    "objects": [
        {
            "geometryType": "obb",
            "obb": {
                "xc": 136.3422393798828,
                "yc": 143.0967254638672,
                "w": 115.51897430419922,
                "h": 37.65558624267578,
                "theta": 15.780752182006836
            },
            "height": 360,
            "width": 480
        },
        {
            "geometryType": "obb",
            "obb": {
                "xc": 134.53846740722656,
                "yc": 158.3076934814453,
                "w": 38.43876266479492,
                "h": 20.003847122192383,
                "theta": 11.309932708740234
            },
            "height": 360,
            "width": 480
        },
        {
            "geometryType": "obb",
            "obb": {
                "xc": 101.86846160888672,
                "yc": 168.5740203857422,
                "w": 68.92169952392578,
                "h": 24.368305206298828,
                "theta": 12.907408714294434
            },
            "height": 360,
            "width": 480
        },
        {
            "geometryType": "obb",
            "obb": {
                "xc": 164.05172729492188,
                "yc": 184.87933349609375,
                "w": 53.92324447631836,
                "h": 25.905818939208984,
                "theta": 11.888657569885254
            },
            "height": 360,
            "width": 480
        }
    ]
}