{
    "objects": [
        {
            "geometryType": "obb",
            "obb": {
                "xc": 158.6359100341797,
                "yc": 166.47496032714844,
                "w": 339.4358825683594,
                "h": 199.93441772460938,
                "theta": 162.4349822998047
            },
            "height": 425,
            "width": 423
        },
        {
            "geometryType": "obb",
            "obb": {
                "xc": 171.92991638183594,
                "yc": 357.57989501953125,
                "w": 157.07516479492188,
                "h": 63.10071563720703,
                "theta": 2.25457501411438
            },
            "height": 425,
            "width": 423
        }
    ]
}