{
    "objects": [
        {
            "geometryType": "obb",
            "obb": {
                "xc": 194.97744750976562,
                "yc": 327.9623107910156,
                "w": 153.86582946777344,
                "h": 44.11827850341797,
                "theta": 2.7927024364471436
            },
            "height": 500,
            "width": 375
        },
        {
            "geometryType": "obb",
            "obb": {
                "xc": 33.5,
                "yc": 425.0,
                "w": 80.0,
                "h": 13.0,
                "theta": 90.0
            },
            "height": 500,
            "width": 375
        }
    ]
}