{
    "objects": [
        {
            "geometryType": "obb",
            "obb": {
                "xc": 602.56689453125,
                "yc": 172.51434326171875,
                "w": 175.01136779785156,
                "h": 43.0150146484375,
                "theta": 179.3055419921875
            },
            "height": 600,
            "width": 800
        },
        {
            "geometryType": "obb",
            "obb": {
                "xc": 601.0,
                "yc": 251.5,
                "w": 107.0,
                "h": 42.0,
                "theta": 90.0
            },
            "height": 600,
            "width": 800
        }
    ]
}