{
    "objects": [
        {
            "geometryType": "obb",
            "obb": {
                "xc": 176.58135986328125,
                "yc": 191.53440856933594,
                "w": 148.94908142089844,
                "h": 53.657554626464844,
                "theta": 140.67742156982422
            },
            "height": 600,
            "width": 450
        },
        {
            "geometryType": "obb",
            "obb": {
                "xc": 370.87158203125,
                "yc": 206.86752319335938,
                "w": 132.2842559814453,
                "h": 65.37544250488281,
                "theta": 84.05313110351562
            },
            "height": 600,
            "width": 450
        },
        {
            "geometryType": "obb",
            "obb": {
                "xc": 251.28297424316406,
                "yc": 359.48541259765625,
                "w": 231.58322143554688,
                "h": 68.11358642578125,
                "theta": 163.97702026367188
            },
            "height": 600,
            "width": 450
        },
        {
            "geometryType": "obb",
            "obb": {
                "xc": 318.567138671875,
                "yc": 145.45303344726562,
                "w": 62.21514892578125,
                "h": 49.00746154785156,
                "theta": 10.007980346679688
            },
            "height": 600,
            "width": 450
        }
    ]
}