{
    "objects": [
        {
            "geometryType": "obb",
            "obb": {
                "xc": 282.0,
                "yc": 435.0,
                "w": 272.0,
                "h": 96.0,
                "theta": 0.0
            },
            "height": 581,
            "width": 810
        },
        {
            "geometryType": "obb",
            "obb": {
                "xc": 738.9677124023438,
                "yc": 550.9989013671875,
                "w": 64.3536148071289,
                "h": 11.929277420043945,
                "theta": 1.847610354423523
            },
            "height": 581,
            "width": 810
        }
    ]
}