{
    "objects": [
        {
            "geometryType": "obb",
            "obb": {
                "xc": 360.9706115722656,
                "yc": 365.6176452636719,
                "w": 140.76817321777344,
                "h": 53.0930061340332,
                "theta": 4.253836631774902
            },
            "height": 600,
            "width": 800
        },
        {
            "geometryType": "obb",
            "obb": {
                "xc": 261.7603454589844,
                "yc": 373.2988586425781,
                "w": 48.81293487548828,
                "h": 34.77316665649414,
                "theta": 59.65675735473633
            },
            "height": 600,
            "width": 800
        }
    ]
}