{
    "objects": [
        {
            "geometryType": "obb",
            "obb": {
                "xc": 400.5800476074219,
                "yc": 234.2646484375,
                "w": 278.0865478515625,
                "h": 94.44473266601562,
                "theta": 178.7491912841797
            },
            "height": 450,
            "width": 600
        }
    ]
}