{
    "objects": [
        {
            "geometryType": "obb",
            "obb": {
                "xc": 219.3997802734375,
                "yc": 255.78509521484375,
                "w": 41.045631408691406,
                "h": 31.768648147583008,
                "theta": 25.709951400756836
            },
            "height": 322,
            "width": 433
        },
        {
            "geometryType": "obb",
            "obb": {
                "xc": 287.8520812988281,
                "yc": 258.77447509765625,
                "w": 91.26834869384766,
                "h": 30.53651237487793,
                "theta": 165.17352294921875
            },
            "height": 322,
            "width": 433
        }
    ]
}