{
    "objects": [
        {
            "geometryType": "obb",
            "obb": {
                "xc": 325.3050537109375,
                "yc": 387.5476379394531,
                "w": 57.39731979370117,
                "h": 40.076236724853516,
                "theta": 8.880660057067871
            },
            "height": 667,
            "width": 1053
        },
        {
            "geometryType": "obb",
            "obb": {
                "xc": 437.8100280761719,
                "yc": 311.177490234375,
                "w": 248.84219360351562,
                "h": 103.60734558105469,
                "theta": 172.19100952148438
            },
            "height": 667,
            "width": 1053
        },
        {
            "geometryType": "obb",
            "obb": {
                "xc": 543.0332641601562,
                "yc": 364.42138671875,
                "w": 99.72962951660156,
                "h": 28.95829200744629,
                "theta": 153.17801666259766
            },
            "height": 667,
            "width": 1053
        },
        {
            "geometryType": "obb",
            "obb": {
                "xc": 567.19580078125,
                "yc": 393.730224609375,
                "w": 87.42330169677734,
                "h": 30.098752975463867,
                "theta": 170.96051788330078
            },
            "height": 667,
            "width": 1053
        }
    ]
}