{
    "objects": [
        {
            "geometryType": "obb",
            "obb": {
                "xc": 1004.4356079101562,
                "yc": 771.30126953125,
                "w": 156.00767517089844,
                "h": 57.39198684692383,
                "theta": 2.045408248901367
            },
            "height": 1066,
            "width": 1600
        },
        {
            "geometryType": "obb",
            "obb": {
                "xc": 927.0341186523438,
                "yc": 800.8564453125,
                "w": 111.71190643310547,
                "h": 48.895179748535156,
                "theta": 22.833650588989258
            },
            "height": 1066,
            "width": 1600
        },
        {
            "geometryType": "obb",
            "obb": {
                "xc": 1063.1175537109375,
                "yc": 807.3634643554688,
                "w": 149.4779510498047,
                "h": 53.553253173828125,
                "theta": 159.61083221435547
            },
            "height": 1066,
            "width": 1600
        }
    ]
}