{
    "objects": [
        {
            "geometryType": "obb",
            "obb": {
                "xc": 414.9999694824219,
                "yc": 358.5,
                "w": 280.744873046875,
                "h": 92.19174194335938,
                "theta": 12.551698684692383
            },
            "height": 1280,
            "width": 960
        },
        {
            "geometryType": "obb",
            "obb": {
                "xc": 453.0011291503906,
                "yc": 538.3496704101562,
                "w": 202.76907348632812,
                "h": 84.05294799804688,
                "theta": 8.56088924407959
            },
            "height": 1280,
            "width": 960
        },
        {
            "geometryType": "obb",
            "obb": {
                "xc": 456.07275390625,
                "yc": 601.383544921875,
                "w": 145.60000610351562,
                "h": 40.44137954711914,
                "theta": 6.732921600341797
            },
            "height": 1280,
            "width": 960
        },
        {
            "geometryType": "obb",
            "obb": {
                "xc": 219.41650390625,
                "yc": 322.36737060546875,
                "w": 130.2245635986328,
                "h": 97.69058227539062,
                "theta": 102.80426597595215
            },
            "height": 1280,
            "width": 960
        }
    ]
}