{
    "objects": [
        {
            "geometryType": "obb",
            "obb": {
                "xc": 342.76373291015625,
                "yc": 83.38565826416016,
                "w": 502.7279052734375,
                "h": 97.05573272705078,
                "theta": 170.8569793701172
            },
            "height": 500,
            "width": 678
        },
        {
            "geometryType": "obb",
            "obb": {
                "xc": 344.1004638671875,
                "yc": 420.9771728515625,
                "w": 293.7373352050781,
                "h": 83.06201171875,
                "theta": 167.17560577392578
            },
            "height": 500,
            "width": 678
        },
        {
            "geometryType": "obb",
            "obb": {
                "xc": 151.06002807617188,
                "yc": 427.88275146484375,
                "w": 95.07599639892578,
                "h": 65.40535736083984,
                "theta": 17.650123596191406
            },
            "height": 500,
            "width": 678
        },
        {
            "geometryType": "obb",
            "obb": {
                "xc": 284.6342468261719,
                "yc": 225.27536010742188,
                "w": 265.8470458984375,
                "h": 73.95980834960938,
                "theta": 173.9909896850586
            },
            "height": 500,
            "width": 678
        }
    ]
}