{
    "objects": [
        {
            "geometryType": "obb",
            "obb": {
                "xc": 253.19761657714844,
                "yc": 292.46319580078125,
                "w": 111.34325408935547,
                "h": 45.14073181152344,
                "theta": 177.77603912353516
            },
            "height": 673,
            "width": 500
        },
        {
            "geometryType": "obb",
            "obb": {
                "xc": 256.3500671386719,
                "yc": 491.02862548828125,
                "w": 158.89181518554688,
                "h": 51.92646026611328,
                "theta": 179.1384735107422
            },
            "height": 673,
            "width": 500
        }
    ]
}