{
    "objects": [
        {
            "geometryType": "obb",
            "obb": {
                "xc": 549.5,
                "yc": 95.5,
                "w": 69.0,
                "h": 23.0,
                "theta": 180.0
            },
            "height": 500,
            "width": 724
        },
        {
            "geometryType": "obb",
            "obb": {
                "xc": 634.5,
                "yc": 365.0,
                "w": 155.0,
                "h": 50.0,
                "theta": 180.0
            },
            "height": 500,
            "width": 724
        },
        {
            "geometryType": "obb",
            "obb": {
                "xc": 552.0,
                "yc": 111.0,
                "w": 74.0,
                "h": 16.0,
                "theta": 180.0
            },
            "height": 500,
            "width": 724
        },
        {
            "geometryType": "obb",
            "obb": {
                "xc": 357.4316101074219,
                "yc": 93.26240539550781,
                "w": 207.3839111328125,
                "h": 84.49513244628906,
                "theta": 1.0416266918182373
            },
            "height": 500,
            "width": 724
        }
    ]
}