{
    "objects": [
        {
            "geometryType": "obb",
            "obb": {
                "xc": 185.75714111328125,
                "yc": 377.6808166503906,
                "w": 316.3577575683594,
                "h": 72.6377944946289,
                "theta": 156.40518188476562
            },
            "height": 1207,
            "width": 900
        },
        {
            "geometryType": "obb",
            "obb": {
                "xc": 470.2196960449219,
                "yc": 326.4007873535156,
                "w": 223.63082885742188,
                "h": 52.92030334472656,
                "theta": 3.492593288421631
            },
            "height": 1207,
            "width": 900
        },
        {
            "geometryType": "obb",
            "obb": {
                "xc": 707.793212890625,
                "yc": 398.42919921875,
                "w": 224.9820098876953,
                "h": 61.43629455566406,
                "theta": 31.4295654296875
            },
            "height": 1207,
            "width": 900
        }
    ]
}