{
    "objects": [
        {
            "geometryType": "obb",
            "obb": {
                "xc": 667.5,
                "yc": 432.5,
                "w": 117.0,
                "h": 91.0,
                "theta": 180.0
            },
            "height": 500,
            "width": 875
        },
        {
            "geometryType": "obb",
            "obb": {
                "xc": 358.3658447265625,
                "yc": 269.1768493652344,
                "w": 338.48681640625,
                "h": 117.77999877929688,
                "theta": 162.73419189453125
            },
            "height": 500,
            "width": 875
        },
        {
            "geometryType": "obb",
            "obb": {
                "xc": 592.780029296875,
                "yc": 306.46002197265625,
                "w": 162.60000610351562,
                "h": 84.20001220703125,
                "theta": 36.869895935058594
            },
            "height": 500,
            "width": 875
        },
        {
            "geometryType": "obb",
            "obb": {
                "xc": 332.99530029296875,
                "yc": 428.4940185546875,
                "w": 429.2549133300781,
                "h": 81.08938598632812,
                "theta": 0.5469598174095154
            },
            "height": 500,
            "width": 875
        }
    ]
}