{
    "objects": [
        {
            "geometryType": "obb",
            "obb": {
                "xc": 545.944580078125,
                "yc": 245.12501525878906,
                "w": 173.5595703125,
                "h": 74.19193267822266,
                "theta": 175.84871673583984
            },
            "height": 500,
            "width": 758
        },
        {
            "geometryType": "obb",
            "obb": {
                "xc": 555.1453247070312,
                "yc": 364.43084716796875,
                "w": 138.672607421875,
                "h": 38.97690963745117,
                "theta": 177.1612091064453
            },
            "height": 500,
            "width": 758
        }
    ]
}