{
    "objects": [
        {
            "geometryType": "obb",
            "obb": {
                "xc": 118.0,
                "yc": 85.0,
                "w": 82.50982666015625,
                "h": 27.057878494262695,
                "theta": 20.297569274902344
            },
            "height": 240,
            "width": 320
        },
        {
            "geometryType": "obb",
            "obb": {
                "xc": 214.55392456054688,
                "yc": 99.19140625,
                "w": 104.58010864257812,
                "h": 29.546724319458008,
                "theta": 173.9623260498047
            },
            "height": 240,
            "width": 320
        },
        {
            "geometryType": "obb",
            "obb": {
                "xc": 173.298828125,
                "yc": 117.23030090332031,
                "w": 168.71005249023438,
                "h": 38.51893615722656,
                "theta": 9.008502960205078
            },
            "height": 240,
            "width": 320
        }
    ]
}