{
    "objects": [
        {
            "geometryType": "obb",
            "obb": {
                "xc": 272.99664306640625,
                "yc": 355.3523254394531,
                "w": 67.08114624023438,
                "h": 20.970096588134766,
                "theta": 10.007979393005371
            },
            "height": 426,
            "width": 640
        },
        {
            "geometryType": "obb",
            "obb": {
                "xc": 347.8532409667969,
                "yc": 346.12139892578125,
                "w": 93.62110900878906,
                "h": 25.4580135345459,
                "theta": 156.9031753540039
            },
            "height": 426,
            "width": 640
        }
    ]
}