{
    "objects": [
        {
            "geometryType": "obb",
            "obb": {
                "xc": 168.06704711914062,
                "yc": 407.5627746582031,
                "w": 117.05381774902344,
                "h": 38.76167678833008,
                "theta": 175.8295669555664
            },
            "height": 500,
            "width": 824
        }
    ]
}