{
    "objects": [
        {
            "geometryType": "obb",
            "obb": {
                "xc": 245.0137939453125,
                "yc": 182.0643310546875,
                "w": 58.3280029296875,
                "h": 17.474609375,
                "theta": 158.42869567871094
            },
            "height": 375,
            "width": 500
        },
        {
            "geometryType": "obb",
            "obb": {
                "xc": 291.9072265625,
                "yc": 181.35972595214844,
                "w": 33.16276168823242,
                "h": 15.000601768493652,
                "theta": 19.653823852539062
            },
            "height": 375,
            "width": 500
        },
        {
            "geometryType": "obb",
            "obb": {
                "xc": 264.5807189941406,
                "yc": 196.42776489257812,
                "w": 46.303524017333984,
                "h": 14.90029239654541,
                "theta": 175.03025817871094
            },
            "height": 375,
            "width": 500
        },
        {
            "geometryType": "obb",
            "obb": {
                "xc": 264.0,
                "yc": 215.5,
                "w": 28.0,
                "h": 13.0,
                "theta": -0.0
            },
            "height": 375,
            "width": 500
        }
    ]
}