{
    "objects": [
        {
            "geometryType": "obb",
            "obb": {
                "xc": 253.63389587402344,
                "yc": 279.2046203613281,
                "w": 137.84397888183594,
                "h": 25.12059211730957,
                "theta": 169.24202728271484
            },
            "height": 640,
            "width": 425
        },
        {
            "geometryType": "obb",
            "obb": {
                "xc": 252.27647399902344,
                "yc": 294.9941101074219,
                "w": 60.19819259643555,
                "h": 17.46289825439453,
                "theta": 167.47119140625
            },
            "height": 640,
            "width": 425
        },
        {
            "geometryType": "obb",
            "obb": {
                "xc": 254.05328369140625,
                "yc": 318.8388366699219,
                "w": 158.76806640625,
                "h": 60.07728576660156,
                "theta": 172.73303985595703
            },
            "height": 640,
            "width": 425
        }
    ]
}