{
    "objects": [
        {
            "geometryType": "obb",
            "obb": {
                "xc": 293.3232421875,
                "yc": 50.69851303100586,
                "w": 233.30628967285156,
                "h": 96.88541412353516,
                "theta": 174.86743927001953
            },
            "height": 1024,
            "width": 768
        },
        {
            "geometryType": "obb",
            "obb": {
                "xc": 290.3092956542969,
                "yc": 218.51873779296875,
                "w": 171.3555908203125,
                "h": 63.049320220947266,
                "theta": 177.56334686279297
            },
            "height": 1024,
            "width": 768
        },
        {
            "geometryType": "obb",
            "obb": {
                "xc": 625.0733032226562,
                "yc": 230.76535034179688,
                "w": 112.0401611328125,
                "h": 57.166988372802734,
                "theta": 91.53434145450592
            },
            "height": 1024,
            "width": 768
        }
    ]
}