{
    "objects": [
        {
            "geometryType": "obb",
            "obb": {
                "xc": 490.5,
                "yc": 314.5,
                "w": 211.0,
                "h": 35.0,
                "theta": 180.0
            },
            "height": 692,
            "width": 855
        },
        {
            "geometryType": "obb",
            "obb": {
                "xc": 463.05596923828125,
                "yc": 154.31329345703125,
                "w": 453.8181457519531,
                "h": 108.5973129272461,
                "theta": 179.33380126953125
            },
            "height": 692,
            "width": 855
        },
        {
            "geometryType": "obb",
            "obb": {
                "xc": 459.0000305175781,
                "yc": 247.0,
                "w": 361.32940673828125,
                "h": 62.04082107543945,
                "theta": 179.35984802246094
            },
            "height": 692,
            "width": 855
        }
    ]
}