{
    "objects": [
        {
            "geometryType": "obb",
            "obb": {
                "xc": 683.9825439453125,
                "yc": 399.83819580078125,
                "w": 424.5951232910156,
                "h": 110.24878692626953,
                "theta": 168.4300308227539
            },
            "height": 1200,
            "width": 1600
        },
        {
            "geometryType": "obb",
            "obb": {
                "xc": 1042.7646484375,
                "yc": 402.0588073730469,
                "w": 264.00433349609375,
                "h": 91.32770538330078,
                "theta": 12.52880859375
            },
            "height": 1200,
            "width": 1600
        },
        {
            "geometryType": "obb",
            "obb": {
                "xc": 558.4105224609375,
                "yc": 780.63916015625,
                "w": 363.6523742675781,
                "h": 143.695556640625,
                "theta": 23.59482192993164
            },
            "height": 1200,
            "width": 1600
        },
        {
            "geometryType": "obb",
            "obb": {
                "xc": 1005.2982177734375,
                "yc": 796.038330078125,
                "w": 497.0108947753906,
                "h": 161.94302368164062,
                "theta": 166.26373291015625
            },
            "height": 1200,
            "width": 1600
        }
    ]
}