{
    "objects": [
        {
            "geometryType": "obb",
            "obb": {
                "xc": 415.454345703125,
                "yc": 560.277587890625,
                "w": 289.5399169921875,
                "h": 106.4654769897461,
                "theta": 177.1113739013672
            },
            "height": 1600,
            "width": 1200
        },
        {
            "geometryType": "obb",
            "obb": {
                "xc": 421.2816162109375,
                "yc": 762.2577514648438,
                "w": 354.0130310058594,
                "h": 167.48880004882812,
                "theta": 179.77352905273438
            },
            "height": 1600,
            "width": 1200
        }
    ]
}