{
    "objects": [
        {
            "geometryType": "obb",
            "obb": {
                "xc": 289.97235107421875,
                "yc": 123.88056945800781,
                "w": 301.1698303222656,
                "h": 85.42481231689453,
                "theta": 179.39479064941406
            },
            "height": 500,
            "width": 800
        },
        {
            "geometryType": "obb",
            "obb": {
                "xc": 587.3761596679688,
                "yc": 179.35134887695312,
                "w": 255.8710174560547,
                "h": 64.20166778564453,
                "theta": 21.97838592529297
            },
            "height": 500,
            "width": 800
        }
    ]
}