{
    "objects": [
        {
            "geometryType": "obb",
            "obb": {
                "xc": 360.1378173828125,
                "yc": 496.5203857421875,
                "w": 228.17752075195312,
                "h": 84.15780639648438,
                "theta": 28.279125213623047
            },
            "height": 766,
            "width": 1026
        },
        {
            "geometryType": "obb",
            "obb": {
                "xc": 265.419921875,
                "yc": 326.8990783691406,
                "w": 190.1099853515625,
                "h": 84.53690338134766,
                "theta": 102.39085674285889
            },
            "height": 766,
            "width": 1026
        },
        {
            "geometryType": "obb",
            "obb": {
                "xc": 561.1112060546875,
                "yc": 200.46099853515625,
                "w": 187.0501708984375,
                "h": 59.538089752197266,
                "theta": 27.878192901611328
            },
            "height": 766,
            "width": 1026
        },
        {
            "geometryType": "obb",
            "obb": {
                "xc": 662.452392578125,
                "yc": 345.136474609375,
                "w": 184.8297119140625,
                "h": 76.17572021484375,
                "theta": 86.84516143798828
            },
            "height": 766,
            "width": 1026
        }
    ]
}