{
    "objects": [
        {
            "geometryType": "obb",
            "obb": {
                "xc": 219.34510803222656,
                "yc": 112.0447006225586,
                "w": 54.403682708740234,
                "h": 22.042871475219727,
                "theta": 129.20720291137695
            },
            "height": 375,
            "width": 500
        },
        {
            "geometryType": "obb",
            "obb": {
                "xc": 177.99325561523438,
                "yc": 271.77960205078125,
                "w": 55.260616302490234,
                "h": 22.639286041259766,
                "theta": 3.4336302280426025
            },
            "height": 375,
            "width": 500
        },
        {
            "geometryType": "obb",
            "obb": {
                "xc": 212.9043731689453,
                "yc": 268.7935485839844,
                "w": 28.65309715270996,
                "h": 18.811229705810547,
                "theta": 150.75117111206055
            },
            "height": 375,
            "width": 500
        },
        {
            "geometryType": "obb",
            "obb": {
                "xc": 140.60000610351562,
                "yc": 264.3000183105469,
                "w": 34.435447692871094,
                "h": 12.521980285644531,
                "theta": 26.56505012512207
            },
            "height": 375,
            "width": 500
        }
    ]
}