{
    "objects": [
        {
            "geometryType": "obb",
            "obb": {
                "xc": 177.4301300048828,
                "yc": 86.02401733398438,
                "w": 156.6800994873047,
                "h": 33.63566589355469,
                "theta": 7.594643592834473
            },
            "height": 664,
            "width": 500
        },
        {
            "geometryType": "obb",
            "obb": {
                "xc": 333.5218200683594,
                "yc": 94.85842895507812,
                "w": 88.9688949584961,
                "h": 30.35824966430664,
                "theta": 176.51068115234375
            },
            "height": 664,
            "width": 500
        },
        {
            "geometryType": "obb",
            "obb": {
                "xc": 443.19439697265625,
                "yc": 82.49129486083984,
                "w": 74.23350524902344,
                "h": 27.207406997680664,
                "theta": 168.90628051757812
            },
            "height": 664,
            "width": 500
        },
        {
            "geometryType": "obb",
            "obb": {
                "xc": 34.088233947753906,
                "yc": 58.147064208984375,
                "w": 39.53330612182617,
                "h": 26.436382293701172,
                "theta": 14.03624439239502
            },
            "height": 664,
            "width": 500
        }
    ]
}