{
    "objects": [
        {
            "geometryType": "obb",
            "obb": {
                "xc": 366.4316101074219,
                "yc": 69.2836685180664,
                "w": 136.9817657470703,
                "h": 54.95142364501953,
                "theta": 164.50072479248047
            },
            "height": 671,
            "width": 1024
        },
        {
            "geometryType": "obb",
            "obb": {
                "xc": 583.7594604492188,
                "yc": 61.602725982666016,
                "w": 294.1283264160156,
                "h": 61.52592086791992,
                "theta": 7.566943645477295
            },
            "height": 671,
            "width": 1024
        }
    ]
}