{
    "objects": [
        {
            "geometryType": "obb",
            "obb": {
                "xc": 1216.3037109375,
                "yc": 1311.00146484375,
                "w": 1062.095703125,
                "h": 427.6631774902344,
                "theta": 1.5640013217926025
            },
            "height": 1728,
            "width": 3072
        },
        {
            "geometryType": "obb",
            "obb": {
                "xc": 2593.863037109375,
                "yc": 855.172119140625,
                "w": 328.00543212890625,
                "h": 69.02755737304688,
                "theta": 0.2301023006439209
            },
            "height": 1728,
            "width": 3072
        },
        {
            "geometryType": "obb",
            "obb": {
                "xc": 2592.933837890625,
                "yc": 922.43310546875,
                "w": 221.0203399658203,
                "h": 63.8719367980957,
                "theta": 179.22227478027344
            },
            "height": 1728,
            "width": 3072
        }
    ]
}