{
    "objects": [
        {
            "geometryType": "obb",
            "obb": {
                "xc": 204.59896850585938,
                "yc": 357.8857727050781,
                "w": 216.947265625,
                "h": 79.65420532226562,
                "theta": 175.9143829345703
            },
            "height": 755,
            "width": 500
        },
        {
            "geometryType": "obb",
            "obb": {
                "xc": 213.01820373535156,
                "yc": 683.7764282226562,
                "w": 245.3146209716797,
                "h": 90.35983276367188,
                "theta": 178.4601593017578
            },
            "height": 755,
            "width": 500
        },
        {
            "geometryType": "obb",
            "obb": {
                "xc": 423.0002136230469,
                "yc": 746.4862060546875,
                "w": 145.83441162109375,
                "h": 13.040138244628906,
                "theta": 0.7902364134788513
            },
            "height": 755,
            "width": 500
        }
    ]
}