{
    "objects": [
        {
            "geometryType": "obb",
            "obb": {
                "xc": 313.5,
                "yc": 424.0,
                "w": 39.0,
                "h": 20.0,
                "theta": 180.0
            },
            "height": 482,
            "width": 360
        },
        {
            "geometryType": "obb",
            "obb": {
                "xc": 119.69395446777344,
                "yc": 312.27935791015625,
                "w": 60.78844451904297,
                "h": 28.99233055114746,
                "theta": 17.35402488708496
            },
            "height": 482,
            "width": 360
        },
        {
            "geometryType": "obb",
            "obb": {
                "xc": 179.5189666748047,
                "yc": 319.82244873046875,
                "w": 68.93965911865234,
                "h": 36.466373443603516,
                "theta": 176.633544921875
            },
            "height": 482,
            "width": 360
        },
        {
            "geometryType": "obb",
            "obb": {
                "xc": 248.89236450195312,
                "yc": 309.16339111328125,
                "w": 72.79556274414062,
                "h": 24.553678512573242,
                "theta": 158.36911010742188
            },
            "height": 482,
            "width": 360
        }
    ]
}