{
    "objects": [
        {
            "geometryType": "obb",
            "obb": {
                "xc": 379.5,
                "yc": 606.5,
                "w": 59.0,
                "h": 23.0,
                "theta": 180.0
            },
            "height": 945,
            "width": 615
        },
        {
            "geometryType": "obb",
            "obb": {
                "xc": 150.49998474121094,
                "yc": 605.4999389648438,
                "w": 120.99998474121094,
                "h": 22.999996185302734,
                "theta": 0.0
            },
            "height": 945,
            "width": 615
        },
        {
            "geometryType": "obb",
            "obb": {
                "xc": 309.55621337890625,
                "yc": 275.9835205078125,
                "w": 236.93807983398438,
                "h": 107.81829071044922,
                "theta": 163.68614196777344
            },
            "height": 945,
            "width": 615
        }
    ]
}